Year,Province,District,Latitude,Longitude,Elevation,Month,Cases,Temp_avg,Precipitation_avg,Humidity_avg,Population,Date,Cases_per_1000,Prev_Cases,Case_Growth_Rate,Month_encoded,Month_sin,Month_cos
2019,Eastern,Ampara,7.275923,81.693474,38,1,132,25.28571428571429,3.878571428571428,82.17857142857143,,2019-01-01,0.0,,0.0,1,0.49999999999999994,0.8660254037844387
2019,Eastern,Ampara,7.275923,81.693474,38,2,112,26.237499999999997,5.310714285714285,85.28571428571429,,2019-02-01,0.0,132.0,-0.15151515151515152,2,0.8660254037844386,0.5000000000000001
2019,Eastern,Ampara,7.275923,81.693474,38,3,152,27.33392857142857,1.1178571428571429,80.75,,2019-03-01,0.0,112.0,0.35714285714285715,3,1.0,6.123233995736766e-17
2019,Eastern,Ampara,7.275923,81.693474,38,4,104,28.9,1.7642857142857142,78.92857142857143,,2019-04-01,0.0,152.0,-0.3157894736842105,4,0.8660254037844387,-0.4999999999999998
2019,Eastern,Ampara,7.275923,81.693474,38,5,78,30.76071428571429,0.8035714285714286,68.32142857142857,,2019-05-01,0.0,104.0,-0.25,5,0.49999999999999994,-0.8660254037844387
2019,Eastern,Ampara,7.275923,81.693474,38,6,72,31.714285714285715,1.892857142857143,62.892857142857146,,2019-06-01,0.0,78.0,-0.07692307692307693,6,1.2246467991473532e-16,-1.0
2019,Eastern,Ampara,7.275923,81.693474,38,7,55,31.458928571428576,1.5357142857142858,62.035714285714285,,2019-07-01,0.0,72.0,-0.2361111111111111,7,-0.4999999999999997,-0.8660254037844388
2019,Eastern,Ampara,7.275923,81.693474,38,8,66,30.62857142857143,2.2642857142857142,66.5,,2019-08-01,0.0,55.0,0.2,8,-0.8660254037844385,-0.5000000000000004
2019,Eastern,Ampara,7.275923,81.693474,38,9,53,29.46785714285714,7.628571428571429,74.46428571428571,,2019-09-01,0.0,66.0,-0.19696969696969696,9,-1.0,-1.8369701987210297e-16
2019,Eastern,Ampara,7.275923,81.693474,38,10,83,26.478571428571424,14.614285714285716,88.5,,2019-10-01,0.0,53.0,0.5660377358490566,10,-0.8660254037844386,0.5000000000000001
2019,Eastern,Ampara,7.275923,81.693474,38,11,432,26.72678571428571,8.207142857142857,87.14285714285714,,2019-11-01,0.0,83.0,4.204819277108434,11,-0.5000000000000004,0.8660254037844384
2019,Eastern,Ampara,7.275923,81.693474,38,12,569,25.880357142857143,11.099999999999998,89.21428571428571,,2019-12-01,0.0,432.0,0.31712962962962965,12,-2.4492935982947064e-16,1.0
2020,Eastern,Ampara,7.275923,81.693474,38,1,682,25.955357142857142,2.510714285714286,83.03571428571429,,2020-01-01,0.0,569.0,0.19859402460456943,1,0.49999999999999994,0.8660254037844387
2020,Eastern,Ampara,7.275923,81.693474,38,2,316,26.29464285714285,1.907142857142857,79.92857142857143,,2020-02-01,0.0,682.0,-0.5366568914956011,2,0.8660254037844386,0.5000000000000001
2020,Eastern,Ampara,7.275923,81.693474,38,3,78,27.58571428571429,0.5285714285714286,77.67857142857143,,2020-03-01,0.0,316.0,-0.7531645569620253,3,1.0,6.123233995736766e-17
2020,Eastern,Ampara,7.275923,81.693474,38,4,33,28.730357142857144,2.1142857142857148,78.71428571428571,,2020-04-01,0.0,78.0,-0.5769230769230769,4,0.8660254037844387,-0.4999999999999998
2020,Eastern,Ampara,7.275923,81.693474,38,5,17,29.435714285714283,5.610714285714288,80.35714285714286,,2020-05-01,0.0,33.0,-0.48484848484848486,5,0.49999999999999994,-0.8660254037844387
2020,Eastern,Ampara,7.275923,81.693474,38,6,27,30.43571428571429,2.1821428571428574,70.92857142857143,,2020-06-01,0.0,17.0,0.5882352941176471,6,1.2246467991473532e-16,-1.0
2020,Eastern,Ampara,7.275923,81.693474,38,7,17,29.621428571428567,2.521428571428572,72.57142857142857,,2020-07-01,0.0,27.0,-0.37037037037037035,7,-0.4999999999999997,-0.8660254037844388
2020,Eastern,Ampara,7.275923,81.693474,38,8,25,30.82857142857143,0.5999999999999999,64.64285714285714,,2020-08-01,0.0,17.0,0.47058823529411764,8,-0.8660254037844385,-0.5000000000000004
2020,Eastern,Ampara,7.275923,81.693474,38,9,43,29.65535714285714,3.528571428571429,72.21428571428571,,2020-09-01,0.0,25.0,0.72,9,-1.0,-1.8369701987210297e-16
2020,Eastern,Ampara,7.275923,81.693474,38,10,33,30.4375,1.6964285714285714,66.32142857142857,,2020-10-01,0.0,43.0,-0.23255813953488372,10,-0.8660254037844386,0.5000000000000001
2020,Eastern,Ampara,7.275923,81.693474,38,11,14,26.94642857142857,9.117857142857142,86.57142857142857,,2020-11-01,0.0,33.0,-0.5757575757575758,11,-0.5000000000000004,0.8660254037844384
2020,Eastern,Ampara,7.275923,81.693474,38,12,12,25.857142857142858,9.553571428571429,86.96428571428571,,2020-12-01,0.0,14.0,-0.14285714285714285,12,-2.4492935982947064e-16,1.0
2021,Eastern,Ampara,7.275923,81.693474,38,1,31,25.480357142857137,9.264285714285714,87.32142857142857,,2021-01-01,0.0,12.0,1.5833333333333333,1,0.49999999999999994,0.8660254037844387
2021,Eastern,Ampara,7.275923,81.693474,38,2,35,25.721428571428568,2.6678571428571423,83.32142857142857,,2021-02-01,0.0,31.0,0.12903225806451613,2,0.8660254037844386,0.5000000000000001
2021,Eastern,Ampara,7.275923,81.693474,38,3,68,26.473214285714285,4.903571428571429,83.89285714285714,,2021-03-01,0.0,35.0,0.9428571428571428,3,1.0,6.123233995736766e-17
2021,Eastern,Ampara,7.275923,81.693474,38,4,72,28.196428571428573,2.6214285714285714,82.17857142857143,,2021-04-01,0.0,68.0,0.058823529411764705,4,0.8660254037844387,-0.4999999999999998
2021,Eastern,Ampara,7.275923,81.693474,38,5,43,28.66964285714285,4.389285714285714,80.67857142857143,,2021-05-01,0.0,72.0,-0.4027777777777778,5,0.49999999999999994,-0.8660254037844387
2021,Eastern,Ampara,7.275923,81.693474,38,6,33,29.644642857142856,2.0250000000000004,71.64285714285714,,2021-06-01,0.0,43.0,-0.23255813953488372,6,1.2246467991473532e-16,-1.0
2021,Eastern,Ampara,7.275923,81.693474,38,7,12,30.142857142857142,3.146428571428572,68.25,,2021-07-01,0.0,33.0,-0.6363636363636364,7,-0.4999999999999997,-0.8660254037844388
2021,Eastern,Ampara,7.275923,81.693474,38,8,2,29.83392857142857,2.967857142857143,71.17857142857143,,2021-08-01,0.0,12.0,-0.8333333333333334,8,-0.8660254037844385,-0.5000000000000004
2021,Eastern,Ampara,7.275923,81.693474,38,9,9,29.89285714285714,3.925,71.5,,2021-09-01,0.0,2.0,3.5,9,-1.0,-1.8369701987210297e-16
2021,Eastern,Ampara,7.275923,81.693474,38,10,13,28.349999999999994,6.007142857142858,78.85714285714286,,2021-10-01,0.0,9.0,0.4444444444444444,10,-0.8660254037844386,0.5000000000000001
2021,Eastern,Ampara,7.275923,81.693474,38,11,23,26.608928571428574,14.33214285714286,88.0,,2021-11-01,0.0,13.0,0.7692307692307693,11,-0.5000000000000004,0.8660254037844384
2021,Eastern,Ampara,7.275923,81.693474,38,12,81,25.89107142857143,4.075,83.67857142857143,,2021-12-01,0.0,23.0,2.5217391304347827,12,-2.4492935982947064e-16,1.0
2019,North central,Anuradhapura,8.330404,80.42882,95,1,64,24.989285714285717,0.3607142857142856,79.75,,2019-01-01,0.0,,0.0,1,0.49999999999999994,0.8660254037844387
2019,North central,Anuradhapura,8.330404,80.42882,95,2,53,26.819642857142867,2.946428571428572,80.64285714285714,,2019-02-01,0.0,64.0,-0.171875,2,0.8660254037844386,0.5000000000000001
2019,North central,Anuradhapura,8.330404,80.42882,95,3,51,28.996428571428574,0.3928571428571428,70.5,,2019-03-01,0.0,53.0,-0.03773584905660377,3,1.0,6.123233995736766e-17
2019,North central,Anuradhapura,8.330404,80.42882,95,4,34,29.746428571428574,3.7035714285714287,74.35714285714286,,2019-04-01,0.0,51.0,-0.3333333333333333,4,0.8660254037844387,-0.4999999999999998
2019,North central,Anuradhapura,8.330404,80.42882,95,5,36,29.753571428571423,0.5285714285714287,74.35714285714286,,2019-05-01,0.0,34.0,0.058823529411764705,5,0.49999999999999994,-0.8660254037844387
2019,North central,Anuradhapura,8.330404,80.42882,95,6,62,29.769642857142856,0.575,73.35714285714286,,2019-06-01,0.0,36.0,0.7222222222222222,6,1.2246467991473532e-16,-1.0
2019,North central,Anuradhapura,8.330404,80.42882,95,7,78,29.6625,1.0678571428571433,72.03571428571429,,2019-07-01,0.0,62.0,0.25806451612903225,7,-0.4999999999999997,-0.8660254037844388
2019,North central,Anuradhapura,8.330404,80.42882,95,8,103,28.40892857142857,3.3,77.42857142857143,,2019-08-01,0.0,78.0,0.32051282051282054,8,-0.8660254037844385,-0.5000000000000004
2019,North central,Anuradhapura,8.330404,80.42882,95,9,54,28.251785714285717,3.8214285714285703,78.32142857142857,,2019-09-01,0.0,103.0,-0.47572815533980584,9,-1.0,-1.8369701987210297e-16
2019,North central,Anuradhapura,8.330404,80.42882,95,10,105,26.748214285714283,13.55714285714286,87.96428571428571,,2019-10-01,0.0,54.0,0.9444444444444444,10,-0.8660254037844386,0.5000000000000001
2019,North central,Anuradhapura,8.330404,80.42882,95,11,254,26.74642857142857,3.8642857142857134,87.21428571428571,,2019-11-01,0.0,105.0,1.4190476190476191,11,-0.5000000000000004,0.8660254037844384
2019,North central,Anuradhapura,8.330404,80.42882,95,12,270,25.85,5.539285714285713,87.89285714285714,,2019-12-01,0.0,254.0,0.06299212598425197,12,-2.4492935982947064e-16,1.0
2020,North central,Anuradhapura,8.330404,80.42882,95,1,184,25.87678571428572,0.725,81.39285714285714,,2020-01-01,0.0,270.0,-0.31851851851851853,1,0.49999999999999994,0.8660254037844387
2020,North central,Anuradhapura,8.330404,80.42882,95,2,95,26.821428571428573,0.3464285714285714,75.25,,2020-02-01,0.0,184.0,-0.483695652173913,2,0.8660254037844386,0.5000000000000001
2020,North central,Anuradhapura,8.330404,80.42882,95,3,44,28.50714285714286,1.0464285714285717,71.92857142857143,,2020-03-01,0.0,95.0,-0.5368421052631579,3,1.0,6.123233995736766e-17
2020,North central,Anuradhapura,8.330404,80.42882,95,4,8,29.441071428571423,2.675,76.85714285714286,,2020-04-01,0.0,44.0,-0.8181818181818182,4,0.8660254037844387,-0.4999999999999998
2020,North central,Anuradhapura,8.330404,80.42882,95,5,9,28.925000000000004,6.210714285714287,82.78571428571429,,2020-05-01,0.0,8.0,0.125,5,0.49999999999999994,-0.8660254037844387
2020,North central,Anuradhapura,8.330404,80.42882,95,6,26,28.70714285714286,3.1357142857142857,78.60714285714286,,2020-06-01,0.0,9.0,1.8888888888888888,6,1.2246467991473532e-16,-1.0
2020,North central,Anuradhapura,8.330404,80.42882,95,7,19,28.57321428571429,3.957142857142858,78.35714285714286,,2020-07-01,0.0,26.0,-0.2692307692307692,7,-0.4999999999999997,-0.8660254037844388
2020,North central,Anuradhapura,8.330404,80.42882,95,8,9,28.39107142857143,0.9928571428571432,76.96428571428571,,2020-08-01,0.0,19.0,-0.5263157894736842,8,-0.8660254037844385,-0.5000000000000004
2020,North central,Anuradhapura,8.330404,80.42882,95,9,12,27.596428571428568,4.564285714285715,81.17857142857143,,2020-09-01,0.0,9.0,0.3333333333333333,9,-1.0,-1.8369701987210297e-16
2020,North central,Anuradhapura,8.330404,80.42882,95,10,11,28.300000000000004,2.0142857142857142,76.85714285714286,,2020-10-01,0.0,12.0,-0.08333333333333333,10,-0.8660254037844386,0.5000000000000001
2020,North central,Anuradhapura,8.330404,80.42882,95,11,6,26.832142857142856,8.796428571428573,87.07142857142857,,2020-11-01,0.0,11.0,-0.45454545454545453,11,-0.5000000000000004,0.8660254037844384
2020,North central,Anuradhapura,8.330404,80.42882,95,12,10,25.241071428571427,13.553571428571429,88.25,,2020-12-01,0.0,6.0,0.6666666666666666,12,-2.4492935982947064e-16,1.0
2021,North central,Anuradhapura,8.330404,80.42882,95,1,14,25.360714285714288,7.703571428571427,86.64285714285714,,2021-01-01,0.0,10.0,0.4,1,0.49999999999999994,0.8660254037844387
2021,North central,Anuradhapura,8.330404,80.42882,95,2,18,25.82678571428572,1.092857142857143,80.71428571428571,,2021-02-01,0.0,14.0,0.2857142857142857,2,0.8660254037844386,0.5000000000000001
2021,North central,Anuradhapura,8.330404,80.42882,95,3,27,27.47678571428571,2.1035714285714286,78.46428571428571,,2021-03-01,0.0,18.0,0.5,3,1.0,6.123233995736766e-17
2021,North central,Anuradhapura,8.330404,80.42882,95,4,42,28.64107142857143,4.135714285714286,79.46428571428571,,2021-04-01,0.0,27.0,0.5555555555555556,4,0.8660254037844387,-0.4999999999999998
2021,North central,Anuradhapura,8.330404,80.42882,95,5,17,27.88392857142857,6.867857142857143,85.25,,2021-05-01,0.0,42.0,-0.5952380952380952,5,0.49999999999999994,-0.8660254037844387
2021,North central,Anuradhapura,8.330404,80.42882,95,6,78,28.14821428571429,2.107142857142857,79.53571428571429,,2021-06-01,0.0,17.0,3.588235294117647,6,1.2246467991473532e-16,-1.0
2021,North central,Anuradhapura,8.330404,80.42882,95,7,46,28.583928571428565,2.010714285714285,77.35714285714286,,2021-07-01,0.0,78.0,-0.41025641025641024,7,-0.4999999999999997,-0.8660254037844388
2021,North central,Anuradhapura,8.330404,80.42882,95,8,24,28.61785714285714,1.471428571428571,75.46428571428571,,2021-08-01,0.0,46.0,-0.4782608695652174,8,-0.8660254037844385,-0.5000000000000004
2021,North central,Anuradhapura,8.330404,80.42882,95,9,13,28.45357142857143,3.310714285714286,77.64285714285714,,2021-09-01,0.0,24.0,-0.4583333333333333,9,-1.0,-1.8369701987210297e-16
2021,North central,Anuradhapura,8.330404,80.42882,95,10,19,27.198214285714283,7.057142857142858,84.14285714285714,,2021-10-01,0.0,13.0,0.46153846153846156,10,-0.8660254037844386,0.5000000000000001
2021,North central,Anuradhapura,8.330404,80.42882,95,11,33,25.93928571428571,13.342857142857143,89.03571428571429,,2021-11-01,0.0,19.0,0.7368421052631579,11,-0.5000000000000004,0.8660254037844384
2021,North central,Anuradhapura,8.330404,80.42882,95,12,41,26.10892857142857,1.825,83.03571428571429,,2021-12-01,0.0,33.0,0.24242424242424243,12,-2.4492935982947064e-16,1.0
2019,Uva,Badulla,6.9947276,81.03797,676,1,79,19.741071428571423,6.603571428571429,92.78571428571428,,2019-01-01,0.0,,0.0,1,0.49999999999999994,0.8660254037844387
2019,Uva,Badulla,6.9947276,81.03797,676,2,68,21.1125,6.457142857142858,90.03571428571429,,2019-02-01,0.0,79.0,-0.13924050632911392,2,0.8660254037844386,0.5000000000000001
2019,Uva,Badulla,6.9947276,81.03797,676,3,73,21.27142857142857,3.071428571428572,81.5,,2019-03-01,0.0,68.0,0.07352941176470588,3,1.0,6.123233995736766e-17
2019,Uva,Badulla,6.9947276,81.03797,676,4,45,22.933928571428574,5.035714285714286,81.35714285714286,,2019-04-01,0.0,73.0,-0.3835616438356164,4,0.8660254037844387,-0.4999999999999998
2019,Uva,Badulla,6.9947276,81.03797,676,5,41,23.960714285714285,1.7357142857142855,73.53571428571429,,2019-05-01,0.0,45.0,-0.08888888888888889,5,0.49999999999999994,-0.8660254037844387
2019,Uva,Badulla,6.9947276,81.03797,676,6,88,25.214285714285715,2.025,67.85714285714286,,2019-06-01,0.0,41.0,1.146341463414634,6,1.2246467991473532e-16,-1.0
2019,Uva,Badulla,6.9947276,81.03797,676,7,113,24.748214285714283,1.3571428571428574,66.0,,2019-07-01,0.0,88.0,0.2840909090909091,7,-0.4999999999999997,-0.8660254037844388
2019,Uva,Badulla,6.9947276,81.03797,676,8,144,24.267857142857142,3.4821428571428568,71.92857142857143,,2019-08-01,0.0,113.0,0.2743362831858407,8,-0.8660254037844385,-0.5000000000000004
2019,Uva,Badulla,6.9947276,81.03797,676,9,126,23.237500000000004,8.04642857142857,79.21428571428571,,2019-09-01,0.0,144.0,-0.125,9,-1.0,-1.8369701987210297e-16
2019,Uva,Badulla,6.9947276,81.03797,676,10,230,21.480357142857144,14.928571428571429,90.14285714285714,,2019-10-01,0.0,126.0,0.8253968253968254,10,-0.8660254037844386,0.5000000000000001
2019,Uva,Badulla,6.9947276,81.03797,676,11,490,21.398214285714285,7.689285714285715,88.89285714285714,,2019-11-01,0.0,230.0,1.1304347826086956,11,-0.5000000000000004,0.8660254037844384
2019,Uva,Badulla,6.9947276,81.03797,676,12,425,21.060714285714283,19.50714285714286,93.14285714285714,,2019-12-01,0.0,490.0,-0.1326530612244898,12,-2.4492935982947064e-16,1.0
2020,Uva,Badulla,6.9947276,81.03797,676,1,230,20.47142857142857,4.025,89.67857142857143,,2020-01-01,0.0,425.0,-0.4588235294117647,1,0.49999999999999994,0.8660254037844387
2020,Uva,Badulla,6.9947276,81.03797,676,2,91,20.74285714285714,5.049999999999999,89.71428571428571,,2020-02-01,0.0,230.0,-0.6043478260869565,2,0.8660254037844386,0.5000000000000001
2020,Uva,Badulla,6.9947276,81.03797,676,3,33,21.98392857142857,1.2464285714285714,79.67857142857143,,2020-03-01,0.0,91.0,-0.6373626373626373,3,1.0,6.123233995736766e-17
2020,Uva,Badulla,6.9947276,81.03797,676,4,9,22.776785714285715,4.267857142857143,83.0,,2020-04-01,0.0,33.0,-0.7272727272727273,4,0.8660254037844387,-0.4999999999999998
2020,Uva,Badulla,6.9947276,81.03797,676,5,15,23.691071428571423,4.342857142857144,83.03571428571429,,2020-05-01,0.0,9.0,0.6666666666666666,5,0.49999999999999994,-0.8660254037844387
2020,Uva,Badulla,6.9947276,81.03797,676,6,30,24.128571428571423,2.0071428571428576,72.03571428571429,,2020-06-01,0.0,15.0,1.0,6,1.2246467991473532e-16,-1.0
2020,Uva,Badulla,6.9947276,81.03797,676,7,23,23.51071428571429,5.139285714285713,76.82142857142857,,2020-07-01,0.0,30.0,-0.23333333333333334,7,-0.4999999999999997,-0.8660254037844388
2020,Uva,Badulla,6.9947276,81.03797,676,8,21,24.246428571428574,1.6285714285714283,68.57142857142857,,2020-08-01,0.0,23.0,-0.08695652173913043,8,-0.8660254037844385,-0.5000000000000004
2020,Uva,Badulla,6.9947276,81.03797,676,9,14,23.123214285714283,5.753571428571428,78.89285714285714,,2020-09-01,0.0,21.0,-0.3333333333333333,9,-1.0,-1.8369701987210297e-16
2020,Uva,Badulla,6.9947276,81.03797,676,10,12,23.59285714285714,1.0357142857142858,68.14285714285714,,2020-10-01,0.0,14.0,-0.14285714285714285,10,-0.8660254037844386,0.5000000000000001
2020,Uva,Badulla,6.9947276,81.03797,676,11,17,21.896428571428565,9.735714285714286,89.57142857142857,,2020-11-01,0.0,12.0,0.4166666666666667,11,-0.5000000000000004,0.8660254037844384
2020,Uva,Badulla,6.9947276,81.03797,676,12,30,20.8875,19.603571428571424,91.39285714285714,,2020-12-01,0.0,17.0,0.7647058823529411,12,-2.4492935982947064e-16,1.0
2021,Uva,Badulla,6.9947276,81.03797,676,1,23,20.566071428571423,14.775000000000002,92.57142857142856,,2021-01-01,0.0,30.0,-0.23333333333333334,1,0.49999999999999994,0.8660254037844387
2021,Uva,Badulla,6.9947276,81.03797,676,2,2,20.50178571428572,4.689285714285715,90.03571428571429,,2021-02-01,0.0,23.0,-0.9130434782608695,2,0.8660254037844386,0.5000000000000001
2021,Uva,Badulla,6.9947276,81.03797,676,3,16,21.15,6.0,84.5,,2021-03-01,0.0,2.0,7.0,3,1.0,6.123233995736766e-17
2021,Uva,Badulla,6.9947276,81.03797,676,4,24,22.07321428571429,7.69642857142857,79.85714285714286,,2021-04-01,0.0,16.0,0.5,4,0.8660254037844387,-0.4999999999999998
2021,Uva,Badulla,6.9947276,81.03797,676,5,22,22.930357142857147,6.407142857142858,86.21428571428571,,2021-05-01,0.0,24.0,-0.08333333333333333,5,0.49999999999999994,-0.8660254037844387
2021,Uva,Badulla,6.9947276,81.03797,676,6,67,22.62857142857143,5.760714285714286,77.35714285714286,,2021-06-01,0.0,22.0,2.0454545454545454,6,1.2246467991473532e-16,-1.0
2021,Uva,Badulla,6.9947276,81.03797,676,7,52,23.1875,3.4392857142857136,77.75,,2021-07-01,0.0,67.0,-0.22388059701492538,7,-0.4999999999999997,-0.8660254037844388
2021,Uva,Badulla,6.9947276,81.03797,676,8,20,23.19107142857143,6.335714285714287,76.67857142857143,,2021-08-01,0.0,52.0,-0.6153846153846154,8,-0.8660254037844385,-0.5000000000000004
2021,Uva,Badulla,6.9947276,81.03797,676,9,25,23.0625,6.1000000000000005,79.10714285714286,,2021-09-01,0.0,20.0,0.25,9,-1.0,-1.8369701987210297e-16
2021,Uva,Badulla,6.9947276,81.03797,676,10,105,22.446428571428577,7.103571428571428,82.17857142857143,,2021-10-01,0.0,25.0,3.2,10,-0.8660254037844386,0.5000000000000001
2021,Uva,Badulla,6.9947276,81.03797,676,11,202,21.4125,12.717857142857143,90.25,,2021-11-01,0.0,105.0,0.9238095238095239,11,-0.5000000000000004,0.8660254037844384
2021,Uva,Badulla,6.9947276,81.03797,676,12,205,20.49642857142857,5.907142857142858,90.03571428571429,,2021-12-01,0.0,202.0,0.01485148514851485,12,-2.4492935982947064e-16,1.0
2019,Eastern,Batticaloa,7.6977153,81.65106,10,1,191,25.5625,3.435714285714286,80.89285714285714,,2019-01-01,0.0,,0.0,1,0.49999999999999994,0.8660254037844387
2019,Eastern,Batticaloa,7.6977153,81.65106,10,2,195,26.55178571428572,3.817857142857144,83.92857142857143,,2019-02-01,0.0,191.0,0.020942408376963352,2,0.8660254037844386,0.5000000000000001
2019,Eastern,Batticaloa,7.6977153,81.65106,10,3,218,27.76071428571428,0.6642857142857143,77.60714285714286,,2019-03-01,0.0,195.0,0.11794871794871795,3,1.0,6.123233995736766e-17
2019,Eastern,Batticaloa,7.6977153,81.65106,10,4,128,29.089285714285715,1.6142857142857143,76.67857142857143,,2019-04-01,0.0,218.0,-0.41284403669724773,4,0.8660254037844387,-0.4999999999999998
2019,Eastern,Batticaloa,7.6977153,81.65106,10,5,101,30.11607142857143,0.7964285714285716,74.25,,2019-05-01,0.0,128.0,-0.2109375,5,0.49999999999999994,-0.8660254037844387
2019,Eastern,Batticaloa,7.6977153,81.65106,10,6,74,31.12142857142857,1.3392857142857142,68.14285714285714,,2019-06-01,0.0,101.0,-0.26732673267326734,6,1.2246467991473532e-16,-1.0
2019,Eastern,Batticaloa,7.6977153,81.65106,10,7,84,30.444642857142856,1.1678571428571427,68.28571428571429,,2019-07-01,0.0,74.0,0.13513513513513514,7,-0.4999999999999997,-0.8660254037844388
2019,Eastern,Batticaloa,7.6977153,81.65106,10,8,96,30.225,3.0357142857142856,69.75,,2019-08-01,0.0,84.0,0.14285714285714285,8,-0.8660254037844385,-0.5000000000000004
2019,Eastern,Batticaloa,7.6977153,81.65106,10,9,66,28.52857142857143,5.185714285714285,80.0,,2019-09-01,0.0,96.0,-0.3125,9,-1.0,-1.8369701987210297e-16
2019,Eastern,Batticaloa,7.6977153,81.65106,10,10,164,26.526785714285715,13.72142857142857,87.42857142857143,,2019-10-01,0.0,66.0,1.4848484848484849,10,-0.8660254037844386,0.5000000000000001
2019,Eastern,Batticaloa,7.6977153,81.65106,10,11,511,26.74464285714285,5.949999999999998,86.92857142857143,,2019-11-01,0.0,164.0,2.1158536585365852,11,-0.5000000000000004,0.8660254037844384
2019,Eastern,Batticaloa,7.6977153,81.65106,10,12,1020,26.076785714285712,10.810714285714283,87.60714285714286,,2019-12-01,0.0,511.0,0.9960861056751468,12,-2.4492935982947064e-16,1.0
2020,Eastern,Batticaloa,7.6977153,81.65106,10,1,1088,26.33571428571429,2.253571428571429,81.42857142857143,,2020-01-01,0.0,1020.0,0.06666666666666667,1,0.49999999999999994,0.8660254037844387
2020,Eastern,Batticaloa,7.6977153,81.65106,10,2,650,26.82678571428572,1.7392857142857143,76.25,,2020-02-01,0.0,1088.0,-0.4025735294117647,2,0.8660254037844386,0.5000000000000001
2020,Eastern,Batticaloa,7.6977153,81.65106,10,3,222,27.825,0.4714285714285715,75.10714285714286,,2020-03-01,0.0,650.0,-0.6584615384615384,3,1.0,6.123233995736766e-17
2020,Eastern,Batticaloa,7.6977153,81.65106,10,4,86,28.848214285714285,1.6392857142857142,77.46428571428571,,2020-04-01,0.0,222.0,-0.6126126126126126,4,0.8660254037844387,-0.4999999999999998
2020,Eastern,Batticaloa,7.6977153,81.65106,10,5,84,29.378571428571437,3.8535714285714286,80.10714285714286,,2020-05-01,0.0,86.0,-0.023255813953488372,5,0.49999999999999994,-0.8660254037844387
2020,Eastern,Batticaloa,7.6977153,81.65106,10,6,69,30.44821428571429,2.057142857142857,70.82142857142857,,2020-06-01,0.0,84.0,-0.17857142857142858,6,1.2246467991473532e-16,-1.0
2020,Eastern,Batticaloa,7.6977153,81.65106,10,7,78,29.43928571428572,2.778571428571428,75.82142857142857,,2020-07-01,0.0,69.0,0.13043478260869565,7,-0.4999999999999997,-0.8660254037844388
2020,Eastern,Batticaloa,7.6977153,81.65106,10,8,40,30.2875,0.4107142857142857,66.35714285714286,,2020-08-01,0.0,78.0,-0.48717948717948717,8,-0.8660254037844385,-0.5000000000000004
2020,Eastern,Batticaloa,7.6977153,81.65106,10,9,48,28.72142857142857,7.1571428571428575,77.92857142857143,,2020-09-01,0.0,40.0,0.2,9,-1.0,-1.8369701987210297e-16
2020,Eastern,Batticaloa,7.6977153,81.65106,10,10,236,29.54642857142857,1.567857142857143,70.71428571428571,,2020-10-01,0.0,48.0,3.9166666666666665,10,-0.8660254037844386,0.5000000000000001
2020,Eastern,Batticaloa,7.6977153,81.65106,10,11,276,26.68035714285714,7.017857142857144,87.60714285714286,,2020-11-01,0.0,236.0,0.1694915254237288,11,-0.5000000000000004,0.8660254037844384
2020,Eastern,Batticaloa,7.6977153,81.65106,10,12,840,25.75535714285714,11.51785714285714,87.64285714285714,,2020-12-01,0.0,276.0,2.0434782608695654,12,-2.4492935982947064e-16,1.0
2021,Eastern,Batticaloa,7.6977153,81.65106,10,1,1276,25.778571428571432,7.517857142857143,85.96428571428571,,2021-01-01,0.0,840.0,0.5190476190476191,1,0.49999999999999994,0.8660254037844387
2021,Eastern,Batticaloa,7.6977153,81.65106,10,2,1214,25.88392857142857,2.1678571428571427,82.32142857142857,,2021-02-01,0.0,1276.0,-0.048589341692789965,2,0.8660254037844386,0.5000000000000001
2021,Eastern,Batticaloa,7.6977153,81.65106,10,3,450,26.975,2.932142857142857,81.14285714285714,,2021-03-01,0.0,1214.0,-0.6293245469522241,3,1.0,6.123233995736766e-17
2021,Eastern,Batticaloa,7.6977153,81.65106,10,4,249,28.36607142857143,2.5464285714285717,80.42857142857143,,2021-04-01,0.0,450.0,-0.44666666666666666,4,0.8660254037844387,-0.4999999999999998
2021,Eastern,Batticaloa,7.6977153,81.65106,10,5,115,28.88214285714286,4.92857142857143,80.21428571428571,,2021-05-01,0.0,249.0,-0.5381526104417671,5,0.49999999999999994,-0.8660254037844387
2021,Eastern,Batticaloa,7.6977153,81.65106,10,6,48,30.0375,3.528571428571429,70.03571428571429,,2021-06-01,0.0,115.0,-0.5826086956521739,6,1.2246467991473532e-16,-1.0
2021,Eastern,Batticaloa,7.6977153,81.65106,10,7,21,30.07678571428572,2.932142857142857,68.85714285714286,,2021-07-01,0.0,48.0,-0.5625,7,-0.4999999999999997,-0.8660254037844388
2021,Eastern,Batticaloa,7.6977153,81.65106,10,8,7,29.635714285714293,3.221428571428572,72.5,,2021-08-01,0.0,21.0,-0.6666666666666666,8,-0.8660254037844385,-0.5000000000000004
2021,Eastern,Batticaloa,7.6977153,81.65106,10,9,7,29.478571428571428,3.757142857142857,75.03571428571429,,2021-09-01,0.0,7.0,0.0,9,-1.0,-1.8369701987210297e-16
2021,Eastern,Batticaloa,7.6977153,81.65106,10,10,21,27.84821428571429,6.317857142857142,81.92857142857143,,2021-10-01,0.0,7.0,2.0,10,-0.8660254037844386,0.5000000000000001
2021,Eastern,Batticaloa,7.6977153,81.65106,10,11,31,26.44821428571429,11.239285714285714,88.60714285714286,,2021-11-01,0.0,21.0,0.47619047619047616,11,-0.5000000000000004,0.8660254037844384
2021,Eastern,Batticaloa,7.6977153,81.65106,10,12,76,26.08750000000001,3.153571428571429,82.96428571428571,,2021-12-01,0.0,31.0,1.4516129032258065,12,-2.4492935982947064e-16,1.0
2019,Western,Colombo,6.924429,79.90725,4,1,1225,26.914285714285715,0.7714285714285714,72.60714285714286,,2019-01-01,0.0,,0.0,1,0.49999999999999994,0.8660254037844387
2019,Western,Colombo,6.924429,79.90725,4,2,792,27.18571428571429,4.30357142857143,80.46428571428571,,2019-02-01,0.0,1225.0,-0.35346938775510206,2,0.8660254037844386,0.5000000000000001
2019,Western,Colombo,6.924429,79.90725,4,3,815,27.82678571428572,2.4750000000000005,77.64285714285714,,2019-03-01,0.0,792.0,0.02904040404040404,3,1.0,6.123233995736766e-17
2019,Western,Colombo,6.924429,79.90725,4,4,579,28.39285714285714,3.5035714285714272,78.42857142857143,,2019-04-01,0.0,815.0,-0.28957055214723926,4,0.8660254037844387,-0.4999999999999998
2019,Western,Colombo,6.924429,79.90725,4,5,866,28.02857142857143,4.110714285714286,82.46428571428571,,2019-05-01,0.0,579.0,0.49568221070811747,5,0.49999999999999994,-0.8660254037844387
2019,Western,Colombo,6.924429,79.90725,4,6,1126,27.728571428571428,10.178571428571429,84.32142857142857,,2019-06-01,0.0,866.0,0.3002309468822171,6,1.2246467991473532e-16,-1.0
2019,Western,Colombo,6.924429,79.90725,4,7,1857,27.321428571428573,6.05,83.5,,2019-07-01,0.0,1126.0,0.6492007104795737,7,-0.4999999999999997,-0.8660254037844388
2019,Western,Colombo,6.924429,79.90725,4,8,1903,26.65,12.95,87.07142857142857,,2019-08-01,0.0,1857.0,0.024771136241249325,8,-0.8660254037844385,-0.5000000000000004
2019,Western,Colombo,6.924429,79.90725,4,9,1462,26.355357142857144,12.203571428571433,88.35714285714286,,2019-09-01,0.0,1903.0,-0.23173935890698896,9,-1.0,-1.8369701987210297e-16
2019,Western,Colombo,6.924429,79.90725,4,10,2593,25.89821428571429,16.79642857142857,89.67857142857143,,2019-10-01,0.0,1462.0,0.7735978112175103,10,-0.8660254037844386,0.5000000000000001
2019,Western,Colombo,6.924429,79.90725,4,11,4217,26.205357142857142,12.66785714285714,89.14285714285714,,2019-11-01,0.0,2593.0,0.6263015811801003,11,-0.5000000000000004,0.8660254037844384
2019,Western,Colombo,6.924429,79.90725,4,12,3283,26.34464285714285,5.703571428571428,87.35714285714286,,2019-12-01,0.0,4217.0,-0.2214844676310173,12,-2.4492935982947064e-16,1.0
2020,Western,Colombo,6.924429,79.90725,4,1,1693,26.882142857142853,0.7107142857142856,78.21428571428571,,2020-01-01,0.0,3283.0,-0.4843131282363692,1,0.49999999999999994,0.8660254037844387
2020,Western,Colombo,6.924429,79.90725,4,2,767,28.030357142857145,0.8535714285714285,73.07142857142857,,2020-02-01,0.0,1693.0,-0.5469580626107502,2,0.8660254037844386,0.5000000000000001
2020,Western,Colombo,6.924429,79.90725,4,3,235,28.105357142857144,1.135714285714286,77.67857142857143,,2020-03-01,0.0,767.0,-0.6936114732724902,3,1.0,6.123233995736766e-17
2020,Western,Colombo,6.924429,79.90725,4,4,30,27.95892857142857,5.271428571428571,82.39285714285714,,2020-04-01,0.0,235.0,-0.8723404255319149,4,0.8660254037844387,-0.4999999999999998
2020,Western,Colombo,6.924429,79.90725,4,5,189,27.8625,9.482142857142858,85.96428571428571,,2020-05-01,0.0,30.0,5.3,5,0.49999999999999994,-0.8660254037844387
2020,Western,Colombo,6.924429,79.90725,4,6,294,27.51428571428572,8.910714285714286,85.28571428571429,,2020-06-01,0.0,189.0,0.5555555555555556,6,1.2246467991473532e-16,-1.0
2020,Western,Colombo,6.924429,79.90725,4,7,324,26.92857142857143,7.796428571428572,86.60714285714286,,2020-07-01,0.0,294.0,0.10204081632653061,7,-0.4999999999999997,-0.8660254037844388
2020,Western,Colombo,6.924429,79.90725,4,8,231,26.94464285714286,6.785714285714284,86.35714285714286,,2020-08-01,0.0,324.0,-0.28703703703703703,8,-0.8660254037844385,-0.5000000000000004
2020,Western,Colombo,6.924429,79.90725,4,9,192,26.276785714285708,12.589285714285712,87.96428571428571,,2020-09-01,0.0,231.0,-0.16883116883116883,9,-1.0,-1.8369701987210297e-16
2020,Western,Colombo,6.924429,79.90725,4,10,151,26.82678571428572,3.710714285714286,84.28571428571429,,2020-10-01,0.0,192.0,-0.21354166666666666,10,-0.8660254037844386,0.5000000000000001
2020,Western,Colombo,6.924429,79.90725,4,11,59,26.475,13.275,87.25,,2020-11-01,0.0,151.0,-0.609271523178808,11,-0.5000000000000004,0.8660254037844384
2020,Western,Colombo,6.924429,79.90725,4,12,92,25.932142857142853,4.803571428571429,85.03571428571429,,2020-12-01,0.0,59.0,0.559322033898305,12,-2.4492935982947064e-16,1.0
2021,Western,Colombo,6.924429,79.90725,4,1,208,25.755357142857143,9.114285714285714,85.85714285714286,,2021-01-01,0.0,92.0,1.2608695652173914,1,0.49999999999999994,0.8660254037844387
2021,Western,Colombo,6.924429,79.90725,4,2,388,26.7,0.8214285714285714,77.78571428571429,,2021-02-01,0.0,208.0,0.8653846153846154,2,0.8660254037844386,0.5000000000000001
2021,Western,Colombo,6.924429,79.90725,4,3,677,26.616071428571427,7.067857142857142,83.53571428571429,,2021-03-01,0.0,388.0,0.7448453608247423,3,1.0,6.123233995736766e-17
2021,Western,Colombo,6.924429,79.90725,4,4,773,27.269642857142856,3.4428571428571435,84.25,,2021-04-01,0.0,677.0,0.14180206794682423,4,0.8660254037844387,-0.4999999999999998
2021,Western,Colombo,6.924429,79.90725,4,5,588,27.276785714285715,14.660714285714286,86.46428571428571,,2021-05-01,0.0,773.0,-0.23932729624838292,5,0.49999999999999994,-0.8660254037844387
2021,Western,Colombo,6.924429,79.90725,4,6,1235,26.98214285714285,8.639285714285718,85.03571428571429,,2021-06-01,0.0,588.0,1.1003401360544218,6,1.2246467991473532e-16,-1.0
2021,Western,Colombo,6.924429,79.90725,4,7,1286,26.925,9.696428571428571,85.42857142857143,,2021-07-01,0.0,1235.0,0.04129554655870445,7,-0.4999999999999997,-0.8660254037844388
2021,Western,Colombo,6.924429,79.90725,4,8,455,26.59464285714286,9.160714285714286,85.96428571428571,,2021-08-01,0.0,1286.0,-0.6461897356143079,8,-0.8660254037844385,-0.5000000000000004
2021,Western,Colombo,6.924429,79.90725,4,9,572,26.683928571428574,9.196428571428571,85.96428571428571,,2021-09-01,0.0,455.0,0.2571428571428571,9,-1.0,-1.8369701987210297e-16
2021,Western,Colombo,6.924429,79.90725,4,10,1132,26.45714285714286,10.417857142857144,85.82142857142857,,2021-10-01,0.0,572.0,0.9790209790209791,10,-0.8660254037844386,0.5000000000000001
2021,Western,Colombo,6.924429,79.90725,4,11,1466,25.6875,19.375000000000004,87.75,,2021-11-01,0.0,1132.0,0.2950530035335689,11,-0.5000000000000004,0.8660254037844384
2021,Western,Colombo,6.924429,79.90725,4,12,2621,26.07857142857143,3.164285714285714,83.82142857142857,,2021-12-01,0.0,1466.0,0.7878581173260573,12,-2.4492935982947064e-16,1.0
2019,Southern,Galle,6.0808434,80.23373,8,1,132,25.432142857142853,2.953571428571427,85.28571428571429,,2019-01-01,0.0,,0.0,1,0.49999999999999994,0.8660254037844387
2019,Southern,Galle,6.0808434,80.23373,8,2,123,26.382142857142853,6.914285714285714,83.57142857142857,,2019-02-01,0.0,132.0,-0.06818181818181818,2,0.8660254037844386,0.5000000000000001
2019,Southern,Galle,6.0808434,80.23373,8,3,156,26.95357142857143,3.503571428571429,81.03571428571429,,2019-03-01,0.0,123.0,0.2682926829268293,3,1.0,6.123233995736766e-17
2019,Southern,Galle,6.0808434,80.23373,8,4,207,27.442857142857136,3.817857142857143,82.03571428571429,,2019-04-01,0.0,156.0,0.3269230769230769,4,0.8660254037844387,-0.4999999999999998
2019,Southern,Galle,6.0808434,80.23373,8,5,772,27.38035714285715,7.421428571428572,84.03571428571429,,2019-05-01,0.0,207.0,2.7294685990338166,5,0.49999999999999994,-0.8660254037844387
2019,Southern,Galle,6.0808434,80.23373,8,6,1155,27.332142857142863,10.28571428571428,83.60714285714286,,2019-06-01,0.0,772.0,0.4961139896373057,6,1.2246467991473532e-16,-1.0
2019,Southern,Galle,6.0808434,80.23373,8,7,1055,26.916071428571428,7.592857142857142,84.25,,2019-07-01,0.0,1155.0,-0.08658008658008658,7,-0.4999999999999997,-0.8660254037844388
2019,Southern,Galle,6.0808434,80.23373,8,8,956,26.31428571428572,15.382142857142862,86.75,,2019-08-01,0.0,1055.0,-0.0938388625592417,8,-0.8660254037844385,-0.5000000000000004
2019,Southern,Galle,6.0808434,80.23373,8,9,470,26.026785714285715,13.778571428571428,87.82142857142857,,2019-09-01,0.0,956.0,-0.5083682008368201,9,-1.0,-1.8369701987210297e-16
2019,Southern,Galle,6.0808434,80.23373,8,10,536,25.65357142857143,16.064285714285713,88.35714285714286,,2019-10-01,0.0,470.0,0.14042553191489363,10,-0.8660254037844386,0.5000000000000001
2019,Southern,Galle,6.0808434,80.23373,8,11,993,26.18035714285714,7.403571428571428,87.10714285714286,,2019-11-01,0.0,536.0,0.8526119402985075,11,-0.5000000000000004,0.8660254037844384
2019,Southern,Galle,6.0808434,80.23373,8,12,823,26.09464285714286,8.667857142857143,86.03571428571429,,2019-12-01,0.0,993.0,-0.17119838872104734,12,-2.4492935982947064e-16,1.0
2020,Southern,Galle,6.0808434,80.23373,8,1,651,26.525,1.4964285714285714,80.75,,2020-01-01,0.0,823.0,-0.20899149453219928,1,0.49999999999999994,0.8660254037844387
2020,Southern,Galle,6.0808434,80.23373,8,2,249,27.226785714285715,2.2964285714285717,75.5,,2020-02-01,0.0,651.0,-0.6175115207373272,2,0.8660254037844386,0.5000000000000001
2020,Southern,Galle,6.0808434,80.23373,8,3,63,28.133928571428577,1.5464285714285717,73.96428571428571,,2020-03-01,0.0,249.0,-0.7469879518072289,3,1.0,6.123233995736766e-17
2020,Southern,Galle,6.0808434,80.23373,8,4,41,27.46428571428571,6.824999999999998,83.64285714285714,,2020-04-01,0.0,63.0,-0.3492063492063492,4,0.8660254037844387,-0.4999999999999998
2020,Southern,Galle,6.0808434,80.23373,8,5,233,27.355357142857144,11.417857142857144,86.25,,2020-05-01,0.0,41.0,4.682926829268292,5,0.49999999999999994,-0.8660254037844387
2020,Southern,Galle,6.0808434,80.23373,8,6,149,27.21071428571429,7.44642857142857,84.35714285714286,,2020-06-01,0.0,233.0,-0.3605150214592275,6,1.2246467991473532e-16,-1.0
2020,Southern,Galle,6.0808434,80.23373,8,7,101,26.61785714285714,9.410714285714286,85.5,,2020-07-01,0.0,149.0,-0.3221476510067114,7,-0.4999999999999997,-0.8660254037844388
2020,Southern,Galle,6.0808434,80.23373,8,8,60,26.70357142857143,6.34642857142857,85.0,,2020-08-01,0.0,101.0,-0.40594059405940597,8,-0.8660254037844385,-0.5000000000000004
2020,Southern,Galle,6.0808434,80.23373,8,9,67,26.1375,11.14285714285714,87.07142857142857,,2020-09-01,0.0,60.0,0.11666666666666667,9,-1.0,-1.8369701987210297e-16
2020,Southern,Galle,6.0808434,80.23373,8,10,27,26.667857142857144,4.7714285714285705,83.82142857142857,,2020-10-01,0.0,67.0,-0.5970149253731343,10,-0.8660254037844386,0.5000000000000001
2020,Southern,Galle,6.0808434,80.23373,8,11,17,26.187499999999996,18.821428571428573,86.85714285714286,,2020-11-01,0.0,27.0,-0.37037037037037035,11,-0.5000000000000004,0.8660254037844384
2020,Southern,Galle,6.0808434,80.23373,8,12,12,25.89107142857143,5.4071428571428575,85.60714285714286,,2020-12-01,0.0,17.0,-0.29411764705882354,12,-2.4492935982947064e-16,1.0
2021,Southern,Galle,6.0808434,80.23373,8,1,23,25.408928571428568,9.29285714285714,87.60714285714286,,2021-01-01,0.0,12.0,0.9166666666666666,1,0.49999999999999994,0.8660254037844387
2021,Southern,Galle,6.0808434,80.23373,8,2,20,25.846428571428568,3.092857142857144,84.92857142857143,,2021-02-01,0.0,23.0,-0.13043478260869565,2,0.8660254037844386,0.5000000000000001
2021,Southern,Galle,6.0808434,80.23373,8,3,33,26.54285714285715,5.728571428571429,82.67857142857143,,2021-03-01,0.0,20.0,0.65,3,1.0,6.123233995736766e-17
2021,Southern,Galle,6.0808434,80.23373,8,4,53,27.00178571428572,2.639285714285715,83.42857142857143,,2021-04-01,0.0,33.0,0.6060606060606061,4,0.8660254037844387,-0.4999999999999998
2021,Southern,Galle,6.0808434,80.23373,8,5,7,27.06428571428572,11.139285714285714,85.14285714285714,,2021-05-01,0.0,53.0,-0.8679245283018868,5,0.49999999999999994,-0.8660254037844387
2021,Southern,Galle,6.0808434,80.23373,8,6,100,26.801785714285717,7.985714285714287,83.78571428571429,,2021-06-01,0.0,7.0,13.285714285714286,6,1.2246467991473532e-16,-1.0
2021,Southern,Galle,6.0808434,80.23373,8,7,56,26.558928571428574,12.517857142857142,85.10714285714286,,2021-07-01,0.0,100.0,-0.44,7,-0.4999999999999997,-0.8660254037844388
2021,Southern,Galle,6.0808434,80.23373,8,8,31,26.18928571428572,9.346428571428572,85.71428571428571,,2021-08-01,0.0,56.0,-0.44642857142857145,8,-0.8660254037844385,-0.5000000000000004
2021,Southern,Galle,6.0808434,80.23373,8,9,41,26.401785714285715,9.582142857142856,85.64285714285714,,2021-09-01,0.0,31.0,0.3225806451612903,9,-1.0,-1.8369701987210297e-16
2021,Southern,Galle,6.0808434,80.23373,8,10,69,26.442857142857143,8.800000000000002,83.92857142857143,,2021-10-01,0.0,41.0,0.6829268292682927,10,-0.8660254037844386,0.5000000000000001
2021,Southern,Galle,6.0808434,80.23373,8,11,106,25.758928571428573,14.167857142857144,85.42857142857143,,2021-11-01,0.0,69.0,0.5362318840579711,11,-0.5000000000000004,0.8660254037844384
2021,Southern,Galle,6.0808434,80.23373,8,12,173,25.683928571428574,4.260714285714285,85.42857142857143,,2021-12-01,0.0,106.0,0.6320754716981132,12,-2.4492935982947064e-16,1.0
2019,Western,Gampaha,7.0650263,79.96622,19,1,724,27.417857142857144,0.7285714285714286,69.89285714285714,,2019-01-01,0.0,,0.0,1,0.49999999999999994,0.8660254037844387
2019,Western,Gampaha,7.0650263,79.96622,19,2,466,27.555357142857144,7.289285714285714,79.21428571428571,,2019-02-01,0.0,724.0,-0.356353591160221,2,0.8660254037844386,0.5000000000000001
2019,Western,Gampaha,7.0650263,79.96622,19,3,511,,,,,2019-03-01,0.0,466.0,0.09656652360515021,3,1.0,6.123233995736766e-17
2019,Western,Gampaha,7.0650263,79.96622,19,4,429,28.60714285714286,4.639285714285713,78.0,,2019-04-01,0.0,511.0,-0.16046966731898238,4,0.8660254037844387,-0.4999999999999998
2019,Western,Gampaha,7.0650263,79.96622,19,5,569,27.80178571428572,4.071428571428573,83.96428571428571,,2019-05-01,0.0,429.0,0.32634032634032634,5,0.49999999999999994,-0.8660254037844387
2019,Western,Gampaha,7.0650263,79.96622,19,6,890,27.535714285714285,10.22857142857143,85.75,,2019-06-01,0.0,569.0,0.5641476274165202,6,1.2246467991473532e-16,-1.0
2019,Western,Gampaha,7.0650263,79.96622,19,7,1760,27.17678571428572,6.217857142857143,84.53571428571429,,2019-07-01,0.0,890.0,0.9775280898876404,7,-0.4999999999999997,-0.8660254037844388
2019,Western,Gampaha,7.0650263,79.96622,19,8,2059,26.432142857142857,15.339285714285712,88.28571428571429,,2019-08-01,0.0,1760.0,0.16988636363636364,8,-0.8660254037844385,-0.5000000000000004
2019,Western,Gampaha,7.0650263,79.96622,19,9,1515,26.312500000000007,12.421428571428573,89.07142857142857,,2019-09-01,0.0,2059.0,-0.2642059252064109,9,-1.0,-1.8369701987210297e-16
2019,Western,Gampaha,7.0650263,79.96622,19,10,2070,25.926785714285717,19.90357142857143,89.92857142857143,,2019-10-01,0.0,1515.0,0.36633663366336633,10,-0.8660254037844386,0.5000000000000001
2019,Western,Gampaha,7.0650263,79.96622,19,11,3154,26.39107142857143,12.789285714285713,88.78571428571429,,2019-11-01,0.0,2070.0,0.523671497584541,11,-0.5000000000000004,0.8660254037844384
2019,Western,Gampaha,7.0650263,79.96622,19,12,2426,26.52321428571429,7.939285714285715,86.0,,2019-12-01,0.0,3154.0,-0.23081800887761572,12,-2.4492935982947064e-16,1.0
2020,Western,Gampaha,7.0650263,79.96622,19,1,1049,27.71964285714285,0.7892857142857145,73.07142857142857,,2020-01-01,0.0,2426.0,-0.56760098928277,1,0.49999999999999994,0.8660254037844387
2020,Western,Gampaha,7.0650263,79.96622,19,2,452,29.15178571428571,0.8964285714285715,67.60714285714286,,2020-02-01,0.0,1049.0,-0.5691134413727359,2,0.8660254037844386,0.5000000000000001
2020,Western,Gampaha,7.0650263,79.96622,19,3,128,28.605357142857137,2.275,76.5,,2020-03-01,0.0,452.0,-0.7168141592920354,3,1.0,6.123233995736766e-17
2020,Western,Gampaha,7.0650263,79.96622,19,4,36,28.153571428571425,6.010714285714287,82.82142857142857,,2020-04-01,0.0,128.0,-0.71875,4,0.8660254037844387,-0.4999999999999998
2020,Western,Gampaha,7.0650263,79.96622,19,5,95,27.85178571428571,10.010714285714286,86.71428571428571,,2020-05-01,0.0,36.0,1.6388888888888888,5,0.49999999999999994,-0.8660254037844387
2020,Western,Gampaha,7.0650263,79.96622,19,6,188,27.391071428571426,9.478571428571428,86.17857142857143,,2020-06-01,0.0,95.0,0.9789473684210527,6,1.2246467991473532e-16,-1.0
2020,Western,Gampaha,7.0650263,79.96622,19,7,175,26.808928571428574,8.089285714285714,87.42857142857143,,2020-07-01,0.0,188.0,-0.06914893617021277,7,-0.4999999999999997,-0.8660254037844388
2020,Western,Gampaha,7.0650263,79.96622,19,8,216,26.830357142857142,6.935714285714286,86.60714285714286,,2020-08-01,0.0,175.0,0.2342857142857143,8,-0.8660254037844385,-0.5000000000000004
2020,Western,Gampaha,7.0650263,79.96622,19,9,171,26.14642857142857,14.424999999999995,89.25,,2020-09-01,0.0,216.0,-0.20833333333333334,9,-1.0,-1.8369701987210297e-16
2020,Western,Gampaha,7.0650263,79.96622,19,10,43,26.71071428571429,3.9571428571428577,85.07142857142857,,2020-10-01,0.0,171.0,-0.7485380116959064,10,-0.8660254037844386,0.5000000000000001
2020,Western,Gampaha,7.0650263,79.96622,19,11,51,26.519642857142863,14.189285714285717,87.39285714285714,,2020-11-01,0.0,43.0,0.18604651162790697,11,-0.5000000000000004,0.8660254037844384
2020,Western,Gampaha,7.0650263,79.96622,19,12,51,26.03571428571429,5.053571428571429,84.39285714285714,,2020-12-01,0.0,51.0,0.0,12,-2.4492935982947064e-16,1.0
2021,Western,Gampaha,7.0650263,79.96622,19,1,123,25.9875,6.764285714285714,84.17857142857143,,2021-01-01,0.0,51.0,1.411764705882353,1,0.49999999999999994,0.8660254037844387
2021,Western,Gampaha,7.0650263,79.96622,19,2,199,27.35714285714286,0.5928571428571427,73.71428571428571,,2021-02-01,0.0,123.0,0.6178861788617886,2,0.8660254037844386,0.5000000000000001
2021,Western,Gampaha,7.0650263,79.96622,19,3,285,27.296428571428564,7.899999999999999,81.0,,2021-03-01,0.0,199.0,0.4321608040201005,3,1.0,6.123233995736766e-17
2021,Western,Gampaha,7.0650263,79.96622,19,4,268,27.441071428571437,3.032142857142857,83.07142857142857,,2021-04-01,0.0,285.0,-0.05964912280701754,4,0.8660254037844387,-0.4999999999999998
2021,Western,Gampaha,7.0650263,79.96622,19,5,211,27.23392857142857,15.342857142857143,87.53571428571429,,2021-05-01,0.0,268.0,-0.2126865671641791,5,0.49999999999999994,-0.8660254037844387
2021,Western,Gampaha,7.0650263,79.96622,19,6,491,26.758928571428577,8.614285714285712,86.64285714285714,,2021-06-01,0.0,211.0,1.3270142180094786,6,1.2246467991473532e-16,-1.0
2021,Western,Gampaha,7.0650263,79.96622,19,7,642,26.857142857142858,9.589285714285715,86.07142857142857,,2021-07-01,0.0,491.0,0.3075356415478615,7,-0.4999999999999997,-0.8660254037844388
2021,Western,Gampaha,7.0650263,79.96622,19,8,181,26.4875,8.792857142857144,86.82142857142857,,2021-08-01,0.0,642.0,-0.7180685358255452,8,-0.8660254037844385,-0.5000000000000004
2021,Western,Gampaha,7.0650263,79.96622,19,9,256,26.59285714285715,9.657142857142857,87.21428571428571,,2021-09-01,0.0,181.0,0.4143646408839779,9,-1.0,-1.8369701987210297e-16
2021,Western,Gampaha,7.0650263,79.96622,19,10,685,26.341071428571425,11.853571428571428,87.32142857142857,,2021-10-01,0.0,256.0,1.67578125,10,-0.8660254037844386,0.5000000000000001
2021,Western,Gampaha,7.0650263,79.96622,19,11,1172,25.58214285714285,18.95357142857143,89.03571428571429,,2021-11-01,0.0,685.0,0.710948905109489,11,-0.5000000000000004,0.8660254037844384
2021,Western,Gampaha,7.0650263,79.96622,19,12,1907,26.56428571428572,2.460714285714286,80.14285714285714,,2021-12-01,0.0,1172.0,0.6271331058020477,12,-2.4492935982947064e-16,1.0
2019,Southern,Hambantota,5.940246,80.55,6,1,140,25.760714285714283,0.8285714285714285,83.35714285714286,,2019-01-01,0.0,,0.0,1,0.49999999999999994,0.8660254037844387
2019,Southern,Hambantota,5.940246,80.55,6,2,91,26.930357142857144,3.803571428571429,81.92857142857143,,2019-02-01,0.0,140.0,-0.35,2,0.8660254037844386,0.5000000000000001
2019,Southern,Hambantota,5.940246,80.55,6,3,80,27.21428571428572,1.6285714285714286,81.78571428571429,,2019-03-01,0.0,91.0,-0.12087912087912088,3,1.0,6.123233995736766e-17
2019,Southern,Hambantota,5.940246,80.55,6,4,81,27.682142857142864,3.085714285714286,82.89285714285714,,2019-04-01,0.0,80.0,0.0125,4,0.8660254037844387,-0.4999999999999998
2019,Southern,Hambantota,5.940246,80.55,6,5,109,27.81428571428571,5.728571428571429,83.71428571428571,,2019-05-01,0.0,81.0,0.345679012345679,5,0.49999999999999994,-0.8660254037844387
2019,Southern,Hambantota,5.940246,80.55,6,6,124,27.755357142857143,7.264285714285714,83.5,,2019-06-01,0.0,109.0,0.13761467889908258,6,1.2246467991473532e-16,-1.0
2019,Southern,Hambantota,5.940246,80.55,6,7,272,27.4,3.967857142857142,83.85714285714286,,2019-07-01,0.0,124.0,1.1935483870967742,7,-0.4999999999999997,-0.8660254037844388
2019,Southern,Hambantota,5.940246,80.55,6,8,271,26.892857142857142,10.135714285714286,85.28571428571429,,2019-08-01,0.0,272.0,-0.003676470588235294,8,-0.8660254037844385,-0.5000000000000004
2019,Southern,Hambantota,5.940246,80.55,6,9,199,26.56428571428572,11.307142857142855,86.0,,2019-09-01,0.0,271.0,-0.2656826568265683,9,-1.0,-1.8369701987210297e-16
2019,Southern,Hambantota,5.940246,80.55,6,10,224,26.23214285714285,11.317857142857145,86.10714285714286,,2019-10-01,0.0,199.0,0.12562814070351758,10,-0.8660254037844386,0.5000000000000001
2019,Southern,Hambantota,5.940246,80.55,6,11,263,26.655357142857135,5.960714285714284,85.96428571428571,,2019-11-01,0.0,224.0,0.17410714285714285,11,-0.5000000000000004,0.8660254037844384
2019,Southern,Hambantota,5.940246,80.55,6,12,195,26.642857142857142,3.871428571428571,84.42857142857143,,2019-12-01,0.0,263.0,-0.2585551330798479,12,-2.4492935982947064e-16,1.0
2020,Southern,Hambantota,5.940246,80.55,6,1,156,27.02142857142857,0.3178571428571428,78.92857142857143,,2020-01-01,0.0,195.0,-0.2,1,0.49999999999999994,0.8660254037844387
2020,Southern,Hambantota,5.940246,80.55,6,2,78,27.401785714285708,1.082142857142857,76.5,,2020-02-01,0.0,156.0,-0.5,2,0.8660254037844386,0.5000000000000001
2020,Southern,Hambantota,5.940246,80.55,6,3,24,27.51428571428572,0.425,78.92857142857143,,2020-03-01,0.0,78.0,-0.6923076923076923,3,1.0,6.123233995736766e-17
2020,Southern,Hambantota,5.940246,80.55,6,4,6,27.7,2.971428571428571,83.17857142857143,,2020-04-01,0.0,24.0,-0.75,4,0.8660254037844387,-0.4999999999999998
2020,Southern,Hambantota,5.940246,80.55,6,5,11,27.79464285714285,6.796428571428571,86.03571428571429,,2020-05-01,0.0,6.0,0.8333333333333334,5,0.49999999999999994,-0.8660254037844387
2020,Southern,Hambantota,5.940246,80.55,6,6,15,27.56428571428572,3.375,84.60714285714286,,2020-06-01,0.0,11.0,0.36363636363636365,6,1.2246467991473532e-16,-1.0
2020,Southern,Hambantota,5.940246,80.55,6,7,24,26.966071428571425,7.6,85.89285714285714,,2020-07-01,0.0,15.0,0.6,7,-0.4999999999999997,-0.8660254037844388
2020,Southern,Hambantota,5.940246,80.55,6,8,17,26.992857142857144,3.239285714285714,85.67857142857143,,2020-08-01,0.0,24.0,-0.2916666666666667,8,-0.8660254037844385,-0.5000000000000004
2020,Southern,Hambantota,5.940246,80.55,6,9,12,26.558928571428567,6.889285714285714,86.42857142857143,,2020-09-01,0.0,17.0,-0.29411764705882354,9,-1.0,-1.8369701987210297e-16
2020,Southern,Hambantota,5.940246,80.55,6,10,10,26.919642857142858,2.967857142857143,84.71428571428571,,2020-10-01,0.0,12.0,-0.16666666666666666,10,-0.8660254037844386,0.5000000000000001
2020,Southern,Hambantota,5.940246,80.55,6,11,6,26.77857142857143,6.9607142857142845,85.39285714285714,,2020-11-01,0.0,10.0,-0.4,11,-0.5000000000000004,0.8660254037844384
2020,Southern,Hambantota,5.940246,80.55,6,12,9,26.35892857142857,3.889285714285714,84.42857142857143,,2020-12-01,0.0,6.0,0.5,12,-2.4492935982947064e-16,1.0
2021,Southern,Hambantota,5.940246,80.55,6,1,22,25.88928571428572,5.874999999999999,85.17857142857143,,2021-01-01,0.0,9.0,1.4444444444444444,1,0.49999999999999994,0.8660254037844387
2021,Southern,Hambantota,5.940246,80.55,6,2,24,26.360714285714288,1.007142857142857,82.17857142857143,,2021-02-01,0.0,22.0,0.09090909090909091,2,0.8660254037844386,0.5000000000000001
2021,Southern,Hambantota,5.940246,80.55,6,3,34,26.79642857142857,3.071428571428572,82.17857142857143,,2021-03-01,0.0,24.0,0.4166666666666667,3,1.0,6.123233995736766e-17
2021,Southern,Hambantota,5.940246,80.55,6,4,42,27.444642857142856,3.146428571428572,83.17857142857143,,2021-04-01,0.0,34.0,0.23529411764705882,4,0.8660254037844387,-0.4999999999999998
2021,Southern,Hambantota,5.940246,80.55,6,5,25,27.5,7.835714285714286,84.28571428571429,,2021-05-01,0.0,42.0,-0.40476190476190477,5,0.49999999999999994,-0.8660254037844387
2021,Southern,Hambantota,5.940246,80.55,6,6,68,27.20714285714286,5.057142857142856,84.21428571428571,,2021-06-01,0.0,25.0,1.72,6,1.2246467991473532e-16,-1.0
2021,Southern,Hambantota,5.940246,80.55,6,7,51,26.894642857142856,6.457142857142856,85.5,,2021-07-01,0.0,68.0,-0.25,7,-0.4999999999999997,-0.8660254037844388
2021,Southern,Hambantota,5.940246,80.55,6,8,24,26.548214285714288,5.242857142857142,85.57142857142857,,2021-08-01,0.0,51.0,-0.5294117647058824,8,-0.8660254037844385,-0.5000000000000004
2021,Southern,Hambantota,5.940246,80.55,6,9,23,26.77857142857143,6.4,85.21428571428571,,2021-09-01,0.0,24.0,-0.041666666666666664,9,-1.0,-1.8369701987210297e-16
2021,Southern,Hambantota,5.940246,80.55,6,10,40,26.89642857142857,5.371428571428572,83.64285714285714,,2021-10-01,0.0,23.0,0.7391304347826086,10,-0.8660254037844386,0.5000000000000001
2021,Southern,Hambantota,5.940246,80.55,6,11,43,26.441071428571423,10.450000000000005,84.25,,2021-11-01,0.0,40.0,0.075,11,-0.5000000000000004,0.8660254037844384
2021,Southern,Hambantota,5.940246,80.55,6,12,71,26.319642857142853,4.725,83.25,,2021-12-01,0.0,43.0,0.6511627906976745,12,-2.4492935982947064e-16,1.0
2019,Northern,Jaffna,9.66608,80.034874,8,1,900,25.10535714285714,0.1785714285714285,74.89285714285714,,2019-01-01,0.0,,0.0,1,0.49999999999999994,0.8660254037844387
2019,Northern,Jaffna,9.66608,80.034874,8,2,454,27.30357142857143,0.6714285714285715,76.89285714285714,,2019-02-01,0.0,900.0,-0.4955555555555556,2,0.8660254037844386,0.5000000000000001
2019,Northern,Jaffna,9.66608,80.034874,8,3,268,28.871428571428567,0.225,73.28571428571429,,2019-03-01,0.0,454.0,-0.40969162995594716,3,1.0,6.123233995736766e-17
2019,Northern,Jaffna,9.66608,80.034874,8,4,161,29.694642857142863,0.9035714285714284,74.96428571428571,,2019-04-01,0.0,268.0,-0.39925373134328357,4,0.8660254037844387,-0.4999999999999998
2019,Northern,Jaffna,9.66608,80.034874,8,5,123,30.32321428571428,0.1857142857142857,76.60714285714286,,2019-05-01,0.0,161.0,-0.2360248447204969,5,0.49999999999999994,-0.8660254037844387
2019,Northern,Jaffna,9.66608,80.034874,8,6,59,29.998214285714283,0.375,78.07142857142857,,2019-06-01,0.0,123.0,-0.5203252032520326,6,1.2246467991473532e-16,-1.0
2019,Northern,Jaffna,9.66608,80.034874,8,7,90,29.18392857142857,1.2071428571428573,78.57142857142857,,2019-07-01,0.0,59.0,0.5254237288135594,7,-0.4999999999999997,-0.8660254037844388
2019,Northern,Jaffna,9.66608,80.034874,8,8,110,28.53214285714286,2.7607142857142857,80.32142857142857,,2019-08-01,0.0,90.0,0.2222222222222222,8,-0.8660254037844385,-0.5000000000000004
2019,Northern,Jaffna,9.66608,80.034874,8,9,154,28.03928571428571,4.089285714285714,81.57142857142857,,2019-09-01,0.0,110.0,0.4,9,-1.0,-1.8369701987210297e-16
2019,Northern,Jaffna,9.66608,80.034874,8,10,538,27.15714285714286,8.010714285714286,84.96428571428571,,2019-10-01,0.0,154.0,2.4935064935064934,10,-0.8660254037844386,0.5000000000000001
2019,Northern,Jaffna,9.66608,80.034874,8,11,2641,27.262500000000003,3.060714285714286,85.0,,2019-11-01,0.0,538.0,3.908921933085502,11,-0.5000000000000004,0.8660254037844384
2019,Northern,Jaffna,9.66608,80.034874,8,12,2763,26.235714285714288,5.396428571428572,83.71428571428571,,2019-12-01,0.0,2641.0,0.046194623248769405,12,-2.4492935982947064e-16,1.0
2020,Northern,Jaffna,9.66608,80.034874,8,1,1061,26.19464285714285,0.4785714285714286,78.57142857142857,,2020-01-01,0.0,2763.0,-0.6159971045964532,1,0.49999999999999994,0.8660254037844387
2020,Northern,Jaffna,9.66608,80.034874,8,2,490,27.103571428571428,0.2964285714285714,71.42857142857143,,2020-02-01,0.0,1061.0,-0.5381715362865221,2,0.8660254037844386,0.5000000000000001
2020,Northern,Jaffna,9.66608,80.034874,8,3,154,28.425,0.0928571428571428,72.25,,2020-03-01,0.0,490.0,-0.6857142857142857,3,1.0,6.123233995736766e-17
2020,Northern,Jaffna,9.66608,80.034874,8,4,38,29.86607142857143,0.9464285714285714,74.78571428571429,,2020-04-01,0.0,154.0,-0.7532467532467533,4,0.8660254037844387,-0.4999999999999998
2020,Northern,Jaffna,9.66608,80.034874,8,5,112,30.144642857142856,1.8357142857142856,78.42857142857143,,2020-05-01,0.0,38.0,1.9473684210526316,5,0.49999999999999994,-0.8660254037844387
2020,Northern,Jaffna,9.66608,80.034874,8,6,58,29.700000000000003,1.307142857142857,77.75,,2020-06-01,0.0,112.0,-0.48214285714285715,6,1.2246467991473532e-16,-1.0
2020,Northern,Jaffna,9.66608,80.034874,8,7,51,28.725,1.775,80.46428571428571,,2020-07-01,0.0,58.0,-0.1206896551724138,7,-0.4999999999999997,-0.8660254037844388
2020,Northern,Jaffna,9.66608,80.034874,8,8,26,28.43214285714286,1.1285714285714286,81.82142857142857,,2020-08-01,0.0,51.0,-0.49019607843137253,8,-0.8660254037844385,-0.5000000000000004
2020,Northern,Jaffna,9.66608,80.034874,8,9,55,28.144642857142856,2.8571428571428577,81.21428571428571,,2020-09-01,0.0,26.0,1.1153846153846154,9,-1.0,-1.8369701987210297e-16
2020,Northern,Jaffna,9.66608,80.034874,8,10,52,28.3125,2.7857142857142856,80.39285714285714,,2020-10-01,0.0,55.0,-0.05454545454545454,10,-0.8660254037844386,0.5000000000000001
2020,Northern,Jaffna,9.66608,80.034874,8,11,21,27.02142857142857,6.917857142857144,84.21428571428571,,2020-11-01,0.0,52.0,-0.5961538461538461,11,-0.5000000000000004,0.8660254037844384
2020,Northern,Jaffna,9.66608,80.034874,8,12,39,25.58571428571428,14.814285714285718,84.14285714285714,,2020-12-01,0.0,21.0,0.8571428571428571,12,-2.4492935982947064e-16,1.0
2021,Northern,Jaffna,9.66608,80.034874,8,1,14,25.69821428571429,9.475,83.92857142857143,,2021-01-01,0.0,39.0,-0.6410256410256411,1,0.49999999999999994,0.8660254037844387
2021,Northern,Jaffna,9.66608,80.034874,8,2,4,25.75,0.6607142857142857,76.71428571428571,,2021-02-01,0.0,14.0,-0.7142857142857143,2,0.8660254037844386,0.5000000000000001
2021,Northern,Jaffna,9.66608,80.034874,8,3,6,28.099999999999994,0.6214285714285713,74.92857142857143,,2021-03-01,0.0,4.0,0.5,3,1.0,6.123233995736766e-17
2021,Northern,Jaffna,9.66608,80.034874,8,4,5,29.176785714285717,2.1142857142857148,78.07142857142857,,2021-04-01,0.0,6.0,-0.16666666666666666,4,0.8660254037844387,-0.4999999999999998
2021,Northern,Jaffna,9.66608,80.034874,8,5,2,29.03035714285714,3.8,79.92857142857143,,2021-05-01,0.0,5.0,-0.6,5,0.49999999999999994,-0.8660254037844387
2021,Northern,Jaffna,9.66608,80.034874,8,6,3,29.06964285714286,2.6071428571428568,79.07142857142857,,2021-06-01,0.0,2.0,0.5,6,1.2246467991473532e-16,-1.0
2021,Northern,Jaffna,9.66608,80.034874,8,7,3,28.767857142857142,1.985714285714285,79.42857142857143,,2021-07-01,0.0,3.0,0.0,7,-0.4999999999999997,-0.8660254037844388
2021,Northern,Jaffna,9.66608,80.034874,8,8,1,28.60714285714285,1.4571428571428569,79.89285714285714,,2021-08-01,0.0,3.0,-0.6666666666666666,8,-0.8660254037844385,-0.5000000000000004
2021,Northern,Jaffna,9.66608,80.034874,8,9,0,28.4125,2.9107142857142856,81.07142857142857,,2021-09-01,0.0,1.0,-1.0,9,-1.0,-1.8369701987210297e-16
2021,Northern,Jaffna,9.66608,80.034874,8,10,1,27.353571428571428,9.189285714285717,83.57142857142857,,2021-10-01,0.0,0.0,0.0,10,-0.8660254037844386,0.5000000000000001
2021,Northern,Jaffna,9.66608,80.034874,8,11,20,26.264285714285712,20.53214285714285,86.39285714285714,,2021-11-01,0.0,1.0,19.0,11,-0.5000000000000004,0.8660254037844384
2021,Northern,Jaffna,9.66608,80.034874,8,12,114,26.11607142857143,1.8857142857142857,79.64285714285714,,2021-12-01,0.0,20.0,4.7,12,-2.4492935982947064e-16,1.0
2019,Western,Kalutara,6.572935,80.02519,5,1,372,26.1125,1.3964285714285718,80.46428571428571,,2019-01-01,0.0,,0.0,1,0.49999999999999994,0.8660254037844387
2019,Western,Kalutara,6.572935,80.02519,5,2,202,26.84107142857142,3.660714285714285,82.67857142857143,,2019-02-01,0.0,372.0,-0.45698924731182794,2,0.8660254037844386,0.5000000000000001
2019,Western,Kalutara,6.572935,80.02519,5,3,250,27.328571428571426,2.3571428571428568,79.82142857142857,,2019-03-01,0.0,202.0,0.2376237623762376,3,1.0,6.123233995736766e-17
2019,Western,Kalutara,6.572935,80.02519,5,4,219,28.11607142857143,3.932142857142858,79.53571428571429,,2019-04-01,0.0,250.0,-0.124,4,0.8660254037844387,-0.4999999999999998
2019,Western,Kalutara,6.572935,80.02519,5,5,384,27.716071428571425,5.550000000000002,83.60714285714286,,2019-05-01,0.0,219.0,0.7534246575342466,5,0.49999999999999994,-0.8660254037844387
2019,Western,Kalutara,6.572935,80.02519,5,6,749,27.6125,9.717857142857142,83.89285714285714,,2019-06-01,0.0,384.0,0.9505208333333334,6,1.2246467991473532e-16,-1.0
2019,Western,Kalutara,6.572935,80.02519,5,7,1136,27.166071428571435,6.464285714285713,83.75,,2019-07-01,0.0,749.0,0.5166889185580774,7,-0.4999999999999997,-0.8660254037844388
2019,Western,Kalutara,6.572935,80.02519,5,8,1095,26.53214285714286,13.578571428571433,86.92857142857143,,2019-08-01,0.0,1136.0,-0.03609154929577465,8,-0.8660254037844385,-0.5000000000000004
2019,Western,Kalutara,6.572935,80.02519,5,9,737,26.278571428571425,11.871428571428572,87.89285714285714,,2019-09-01,0.0,1095.0,-0.3269406392694064,9,-1.0,-1.8369701987210297e-16
2019,Western,Kalutara,6.572935,80.02519,5,10,988,25.88928571428572,14.921428571428567,88.75,,2019-10-01,0.0,737.0,0.3405698778833107,10,-0.8660254037844386,0.5000000000000001
2019,Western,Kalutara,6.572935,80.02519,5,11,1310,26.175,9.2,88.25,,2019-11-01,0.0,988.0,0.3259109311740891,11,-0.5000000000000004,0.8660254037844384
2019,Western,Kalutara,6.572935,80.02519,5,12,953,26.230357142857144,5.9750000000000005,87.71428571428571,,2019-12-01,0.0,1310.0,-0.27251908396946567,12,-2.4492935982947064e-16,1.0
2020,Western,Kalutara,6.572935,80.02519,5,1,536,26.71607142857143,1.025,81.53571428571429,,2020-01-01,0.0,953.0,-0.43756558237145854,1,0.49999999999999994,0.8660254037844387
2020,Western,Kalutara,6.572935,80.02519,5,2,273,27.22678571428572,1.2892857142857146,79.07142857142857,,2020-02-01,0.0,536.0,-0.4906716417910448,2,0.8660254037844386,0.5000000000000001
2020,Western,Kalutara,6.572935,80.02519,5,3,112,27.946428571428577,1.4857142857142858,78.32142857142857,,2020-03-01,0.0,273.0,-0.5897435897435898,3,1.0,6.123233995736766e-17
2020,Western,Kalutara,6.572935,80.02519,5,4,46,27.79464285714286,5.507142857142858,83.28571428571429,,2020-04-01,0.0,112.0,-0.5892857142857143,4,0.8660254037844387,-0.4999999999999998
2020,Western,Kalutara,6.572935,80.02519,5,5,111,27.600000000000005,10.05714285714286,86.39285714285714,,2020-05-01,0.0,46.0,1.4130434782608696,5,0.49999999999999994,-0.8660254037844387
2020,Western,Kalutara,6.572935,80.02519,5,6,250,27.360714285714288,8.292857142857143,84.57142857142857,,2020-06-01,0.0,111.0,1.2522522522522523,6,1.2246467991473532e-16,-1.0
2020,Western,Kalutara,6.572935,80.02519,5,7,177,26.864285714285717,8.14285714285714,85.92857142857143,,2020-07-01,0.0,250.0,-0.292,7,-0.4999999999999997,-0.8660254037844388
2020,Western,Kalutara,6.572935,80.02519,5,8,101,26.88928571428572,5.099999999999999,85.21428571428571,,2020-08-01,0.0,177.0,-0.4293785310734463,8,-0.8660254037844385,-0.5000000000000004
2020,Western,Kalutara,6.572935,80.02519,5,9,82,26.28214285714286,11.432142857142855,87.28571428571429,,2020-09-01,0.0,101.0,-0.18811881188118812,9,-1.0,-1.8369701987210297e-16
2020,Western,Kalutara,6.572935,80.02519,5,10,37,26.84285714285714,3.8571428571428577,83.60714285714286,,2020-10-01,0.0,82.0,-0.5487804878048781,10,-0.8660254037844386,0.5000000000000001
2020,Western,Kalutara,6.572935,80.02519,5,11,33,26.45892857142858,9.05357142857143,86.57142857142857,,2020-11-01,0.0,37.0,-0.10810810810810811,11,-0.5000000000000004,0.8660254037844384
2020,Western,Kalutara,6.572935,80.02519,5,12,52,26.02142857142857,4.721428571428571,85.0,,2020-12-01,0.0,33.0,0.5757575757575758,12,-2.4492935982947064e-16,1.0
2021,Western,Kalutara,6.572935,80.02519,5,1,77,25.69642857142857,8.903571428571428,87.0,,2021-01-01,0.0,52.0,0.4807692307692308,1,0.49999999999999994,0.8660254037844387
2021,Western,Kalutara,6.572935,80.02519,5,2,76,26.632142857142856,1.225,80.5,,2021-02-01,0.0,77.0,-0.012987012987012988,2,0.8660254037844386,0.5000000000000001
2021,Western,Kalutara,6.572935,80.02519,5,3,132,26.68035714285714,7.932142857142857,83.39285714285714,,2021-03-01,0.0,76.0,0.7368421052631579,3,1.0,6.123233995736766e-17
2021,Western,Kalutara,6.572935,80.02519,5,4,162,27.1625,3.207142857142858,83.96428571428571,,2021-04-01,0.0,132.0,0.22727272727272727,4,0.8660254037844387,-0.4999999999999998
2021,Western,Kalutara,6.572935,80.02519,5,5,99,27.26607142857143,13.44285714285714,85.57142857142857,,2021-05-01,0.0,162.0,-0.3888888888888889,5,0.49999999999999994,-0.8660254037844387
2021,Western,Kalutara,6.572935,80.02519,5,6,192,26.98571428571428,8.278571428571428,84.17857142857143,,2021-06-01,0.0,99.0,0.9393939393939394,6,1.2246467991473532e-16,-1.0
2021,Western,Kalutara,6.572935,80.02519,5,7,304,26.8625,9.814285714285711,84.57142857142857,,2021-07-01,0.0,192.0,0.5833333333333334,7,-0.4999999999999997,-0.8660254037844388
2021,Western,Kalutara,6.572935,80.02519,5,8,131,26.48392857142857,8.62857142857143,85.57142857142857,,2021-08-01,0.0,304.0,-0.569078947368421,8,-0.8660254037844385,-0.5000000000000004
2021,Western,Kalutara,6.572935,80.02519,5,9,112,26.64642857142857,8.750000000000002,85.46428571428571,,2021-09-01,0.0,131.0,-0.1450381679389313,9,-1.0,-1.8369701987210297e-16
2021,Western,Kalutara,6.572935,80.02519,5,10,291,26.51428571428572,9.460714285714287,84.78571428571429,,2021-10-01,0.0,112.0,1.5982142857142858,10,-0.8660254037844386,0.5000000000000001
2021,Western,Kalutara,6.572935,80.02519,5,11,454,25.76607142857144,16.57142857142857,86.92857142857143,,2021-11-01,0.0,291.0,0.5601374570446735,11,-0.5000000000000004,0.8660254037844384
2021,Western,Kalutara,6.572935,80.02519,5,12,806,25.83392857142857,2.8928571428571423,85.03571428571429,,2021-12-01,0.0,454.0,0.775330396475771,12,-2.4492935982947064e-16,1.0
2019,Central,Kandy,7.275923,80.62659,499,1,288,22.06785714285714,1.8535714285714284,83.42857142857143,,2019-01-01,0.0,,0.0,1,0.49999999999999994,0.8660254037844387
2019,Central,Kandy,7.275923,80.62659,499,2,229,23.0,5.971428571428572,85.64285714285714,,2019-02-01,0.0,288.0,-0.2048611111111111,2,0.8660254037844386,0.5000000000000001
2019,Central,Kandy,7.275923,80.62659,499,3,231,24.078571428571426,0.7964285714285714,75.96428571428571,,2019-03-01,0.0,229.0,0.008733624454148471,3,1.0,6.123233995736766e-17
2019,Central,Kandy,7.275923,80.62659,499,4,192,25.869642857142857,3.849999999999999,74.92857142857143,,2019-04-01,0.0,231.0,-0.16883116883116883,4,0.8660254037844387,-0.4999999999999998
2019,Central,Kandy,7.275923,80.62659,499,5,296,25.446428571428573,1.0035714285714286,75.39285714285714,,2019-05-01,0.0,192.0,0.5416666666666666,5,0.49999999999999994,-0.8660254037844387
2019,Central,Kandy,7.275923,80.62659,499,6,289,25.1875,2.232142857142857,77.96428571428571,,2019-06-01,0.0,296.0,-0.02364864864864865,6,1.2246467991473532e-16,-1.0
2019,Central,Kandy,7.275923,80.62659,499,7,515,24.558928571428574,2.2107142857142854,77.14285714285714,,2019-07-01,0.0,289.0,0.7820069204152249,7,-0.4999999999999997,-0.8660254037844388
2019,Central,Kandy,7.275923,80.62659,499,8,677,23.373214285714283,4.428571428571429,83.75,,2019-08-01,0.0,515.0,0.3145631067961165,8,-0.8660254037844385,-0.5000000000000004
2019,Central,Kandy,7.275923,80.62659,499,9,784,23.77142857142857,2.771428571428572,81.57142857142857,,2019-09-01,0.0,677.0,0.15805022156573117,9,-1.0,-1.8369701987210297e-16
2019,Central,Kandy,7.275923,80.62659,499,10,1502,22.80892857142857,14.314285714285717,88.17857142857143,,2019-10-01,0.0,784.0,0.9158163265306123,10,-0.8660254037844386,0.5000000000000001
2019,Central,Kandy,7.275923,80.62659,499,11,2444,23.03928571428572,3.478571428571428,87.35714285714286,,2019-11-01,0.0,1502.0,0.6271637816245007,11,-0.5000000000000004,0.8660254037844384
2019,Central,Kandy,7.275923,80.62659,499,12,1493,22.758928571428577,4.0178571428571415,88.60714285714286,,2019-12-01,0.0,2444.0,-0.3891162029459902,12,-2.4492935982947064e-16,1.0
2020,Central,Kandy,7.275923,80.62659,499,1,674,22.714285714285715,0.55,82.39285714285714,,2020-01-01,0.0,1493.0,-0.5485599464166109,1,0.49999999999999994,0.8660254037844387
2020,Central,Kandy,7.275923,80.62659,499,2,290,23.491071428571423,1.0785714285714283,78.10714285714286,,2020-02-01,0.0,674.0,-0.56973293768546,2,0.8660254037844386,0.5000000000000001
2020,Central,Kandy,7.275923,80.62659,499,3,114,24.987499999999997,0.3535714285714285,71.60714285714286,,2020-03-01,0.0,290.0,-0.6068965517241379,3,1.0,6.123233995736766e-17
2020,Central,Kandy,7.275923,80.62659,499,4,36,25.34285714285714,2.667857142857142,78.64285714285714,,2020-04-01,0.0,114.0,-0.6842105263157895,4,0.8660254037844387,-0.4999999999999998
2020,Central,Kandy,7.275923,80.62659,499,5,230,24.8,8.478571428571428,85.28571428571429,,2020-05-01,0.0,36.0,5.388888888888889,5,0.49999999999999994,-0.8660254037844387
2020,Central,Kandy,7.275923,80.62659,499,6,449,24.2375,2.139285714285714,79.96428571428571,,2020-06-01,0.0,230.0,0.9521739130434783,6,1.2246467991473532e-16,-1.0
2020,Central,Kandy,7.275923,80.62659,499,7,595,24.25,3.839285714285714,78.57142857142857,,2020-07-01,0.0,449.0,0.32516703786191536,7,-0.4999999999999997,-0.8660254037844388
2020,Central,Kandy,7.275923,80.62659,499,8,406,23.307142857142853,4.189285714285714,82.67857142857143,,2020-08-01,0.0,595.0,-0.3176470588235294,8,-0.8660254037844385,-0.5000000000000004
2020,Central,Kandy,7.275923,80.62659,499,9,275,22.989285714285707,5.660714285714287,85.96428571428571,,2020-09-01,0.0,406.0,-0.3226600985221675,9,-1.0,-1.8369701987210297e-16
2020,Central,Kandy,7.275923,80.62659,499,10,205,22.99821428571429,3.1607142857142856,83.96428571428571,,2020-10-01,0.0,275.0,-0.2545454545454545,10,-0.8660254037844386,0.5000000000000001
2020,Central,Kandy,7.275923,80.62659,499,11,115,23.27678571428572,6.339285714285715,86.75,,2020-11-01,0.0,205.0,-0.43902439024390244,11,-0.5000000000000004,0.8660254037844384
2020,Central,Kandy,7.275923,80.62659,499,12,43,22.45892857142857,8.678571428571429,86.75,,2020-12-01,0.0,115.0,-0.6260869565217392,12,-2.4492935982947064e-16,1.0
2021,Central,Kandy,7.275923,80.62659,499,1,74,22.44821428571429,4.778571428571428,87.03571428571429,,2021-01-01,0.0,43.0,0.7209302325581395,1,0.49999999999999994,0.8660254037844387
2021,Central,Kandy,7.275923,80.62659,499,2,54,22.76428571428572,0.7571428571428572,81.82142857142857,,2021-02-01,0.0,74.0,-0.2702702702702703,2,0.8660254037844386,0.5000000000000001
2021,Central,Kandy,7.275923,80.62659,499,3,82,23.47678571428571,3.5571428571428574,79.75,,2021-03-01,0.0,54.0,0.5185185185185185,3,1.0,6.123233995736766e-17
2021,Central,Kandy,7.275923,80.62659,499,4,97,24.191071428571423,6.296428571428572,80.60714285714286,,2021-04-01,0.0,82.0,0.18292682926829268,4,0.8660254037844387,-0.4999999999999998
2021,Central,Kandy,7.275923,80.62659,499,5,53,23.998214285714283,7.625000000000001,86.0,,2021-05-01,0.0,97.0,-0.4536082474226804,5,0.49999999999999994,-0.8660254037844387
2021,Central,Kandy,7.275923,80.62659,499,6,110,23.205357142857142,4.135714285714285,85.10714285714286,,2021-06-01,0.0,53.0,1.0754716981132075,6,1.2246467991473532e-16,-1.0
2021,Central,Kandy,7.275923,80.62659,499,7,159,23.466071428571425,4.171428571428571,84.89285714285714,,2021-07-01,0.0,110.0,0.44545454545454544,7,-0.4999999999999997,-0.8660254037844388
2021,Central,Kandy,7.275923,80.62659,499,8,86,23.139285714285712,2.9428571428571426,84.14285714285714,,2021-08-01,0.0,159.0,-0.4591194968553459,8,-0.8660254037844385,-0.5000000000000004
2021,Central,Kandy,7.275923,80.62659,499,9,93,23.485714285714288,3.3500000000000005,84.14285714285714,,2021-09-01,0.0,86.0,0.08139534883720931,9,-1.0,-1.8369701987210297e-16
2021,Central,Kandy,7.275923,80.62659,499,10,148,23.158928571428568,6.364285714285714,86.60714285714286,,2021-10-01,0.0,93.0,0.5913978494623656,10,-0.8660254037844386,0.5000000000000001
2021,Central,Kandy,7.275923,80.62659,499,11,219,22.19464285714286,8.953571428571431,90.03571428571429,,2021-11-01,0.0,148.0,0.4797297297297297,11,-0.5000000000000004,0.8660254037844384
2021,Central,Kandy,7.275923,80.62659,499,12,319,22.566071428571437,1.525,84.60714285714286,,2021-12-01,0.0,219.0,0.45662100456621,12,-2.4492935982947064e-16,1.0
2019,Sabaragamuwa,Kegalle,7.275923,80.32176,172,1,150,26.61607142857143,0.9607142857142856,69.10714285714286,,2019-01-01,0.0,,0.0,1,0.49999999999999994,0.8660254037844387
2019,Sabaragamuwa,Kegalle,7.275923,80.32176,172,2,98,26.97142857142857,11.578571428571433,77.25,,2019-02-01,0.0,150.0,-0.3466666666666667,2,0.8660254037844386,0.5000000000000001
2019,Sabaragamuwa,Kegalle,7.275923,80.32176,172,3,109,28.326785714285712,2.0428571428571427,71.32142857142857,,2019-03-01,0.0,98.0,0.11224489795918367,3,1.0,6.123233995736766e-17
2019,Sabaragamuwa,Kegalle,7.275923,80.32176,172,4,90,28.832142857142863,7.707142857142857,75.85714285714286,,2019-04-01,0.0,109.0,-0.1743119266055046,4,0.8660254037844387,-0.4999999999999998
2019,Sabaragamuwa,Kegalle,7.275923,80.32176,172,5,114,27.53214285714286,2.271428571428572,81.42857142857143,,2019-05-01,0.0,90.0,0.26666666666666666,5,0.49999999999999994,-0.8660254037844387
2019,Sabaragamuwa,Kegalle,7.275923,80.32176,172,6,171,26.908928571428568,7.34642857142857,84.78571428571429,,2019-06-01,0.0,114.0,0.5,6,1.2246467991473532e-16,-1.0
2019,Sabaragamuwa,Kegalle,7.275923,80.32176,172,7,215,26.691071428571423,6.439285714285712,82.75,,2019-07-01,0.0,171.0,0.2573099415204678,7,-0.4999999999999997,-0.8660254037844388
2019,Sabaragamuwa,Kegalle,7.275923,80.32176,172,8,258,25.70892857142857,13.93214285714286,87.75,,2019-08-01,0.0,215.0,0.2,8,-0.8660254037844385,-0.5000000000000004
2019,Sabaragamuwa,Kegalle,7.275923,80.32176,172,9,317,25.77321428571428,7.489285714285715,86.32142857142857,,2019-09-01,0.0,258.0,0.22868217054263565,9,-1.0,-1.8369701987210297e-16
2019,Sabaragamuwa,Kegalle,7.275923,80.32176,172,10,332,25.53035714285714,21.632142857142856,88.64285714285714,,2019-10-01,0.0,317.0,0.0473186119873817,10,-0.8660254037844386,0.5000000000000001
2019,Sabaragamuwa,Kegalle,7.275923,80.32176,172,11,494,26.080357142857142,8.396428571428572,85.64285714285714,,2019-11-01,0.0,332.0,0.4879518072289157,11,-0.5000000000000004,0.8660254037844384
2019,Sabaragamuwa,Kegalle,7.275923,80.32176,172,12,368,25.926785714285717,3.917857142857144,83.64285714285714,,2019-12-01,0.0,494.0,-0.2550607287449393,12,-2.4492935982947064e-16,1.0
2020,Sabaragamuwa,Kegalle,7.275923,80.32176,172,1,196,27.10714285714285,0.4714285714285714,70.21428571428571,,2020-01-01,0.0,368.0,-0.4673913043478261,1,0.49999999999999994,0.8660254037844387
2020,Sabaragamuwa,Kegalle,7.275923,80.32176,172,2,107,28.925,0.2607142857142857,61.21428571428572,,2020-02-01,0.0,196.0,-0.45408163265306123,2,0.8660254037844386,0.5000000000000001
2020,Sabaragamuwa,Kegalle,7.275923,80.32176,172,3,42,29.644642857142856,1.625,67.71428571428571,,2020-03-01,0.0,107.0,-0.6074766355140186,3,1.0,6.123233995736766e-17
2020,Sabaragamuwa,Kegalle,7.275923,80.32176,172,4,17,28.25714285714286,8.817857142857145,79.92857142857143,,2020-04-01,0.0,42.0,-0.5952380952380952,4,0.8660254037844387,-0.4999999999999998
2020,Sabaragamuwa,Kegalle,7.275923,80.32176,172,5,84,27.35178571428572,9.360714285714286,85.57142857142857,,2020-05-01,0.0,17.0,3.9411764705882355,5,0.49999999999999994,-0.8660254037844387
2020,Sabaragamuwa,Kegalle,7.275923,80.32176,172,6,100,26.767857142857142,7.45357142857143,84.07142857142857,,2020-06-01,0.0,84.0,0.19047619047619047,6,1.2246467991473532e-16,-1.0
2020,Sabaragamuwa,Kegalle,7.275923,80.32176,172,7,102,26.32678571428572,6.246428571428571,84.0,,2020-07-01,0.0,100.0,0.02,7,-0.4999999999999997,-0.8660254037844388
2020,Sabaragamuwa,Kegalle,7.275923,80.32176,172,8,64,26.46071428571428,8.72142857142857,82.92857142857143,,2020-08-01,0.0,102.0,-0.37254901960784315,8,-0.8660254037844385,-0.5000000000000004
2020,Sabaragamuwa,Kegalle,7.275923,80.32176,172,9,55,25.50892857142857,14.689285714285717,88.53571428571429,,2020-09-01,0.0,64.0,-0.140625,9,-1.0,-1.8369701987210297e-16
2020,Sabaragamuwa,Kegalle,7.275923,80.32176,172,10,37,26.064285714285717,6.1678571428571445,84.85714285714286,,2020-10-01,0.0,55.0,-0.32727272727272727,10,-0.8660254037844386,0.5000000000000001
2020,Sabaragamuwa,Kegalle,7.275923,80.32176,172,11,39,25.955357142857142,9.446428571428571,86.85714285714286,,2020-11-01,0.0,37.0,0.05405405405405406,11,-0.5000000000000004,0.8660254037844384
2020,Sabaragamuwa,Kegalle,7.275923,80.32176,172,12,22,25.23392857142857,7.107142857142857,84.46428571428571,,2020-12-01,0.0,39.0,-0.4358974358974359,12,-2.4492935982947064e-16,1.0
2021,Sabaragamuwa,Kegalle,7.275923,80.32176,172,1,24,25.330357142857142,10.017857142857142,84.14285714285714,,2021-01-01,0.0,22.0,0.09090909090909091,1,0.49999999999999994,0.8660254037844387
2021,Sabaragamuwa,Kegalle,7.275923,80.32176,172,2,38,27.20892857142857,0.6392857142857143,69.71428571428571,,2021-02-01,0.0,24.0,0.5833333333333334,2,0.8660254037844386,0.5000000000000001
2021,Sabaragamuwa,Kegalle,7.275923,80.32176,172,3,65,27.941071428571423,6.171428571428572,73.03571428571429,,2021-03-01,0.0,38.0,0.7105263157894737,3,1.0,6.123233995736766e-17
2021,Sabaragamuwa,Kegalle,7.275923,80.32176,172,4,93,27.442857142857143,6.482142857142859,80.21428571428571,,2021-04-01,0.0,65.0,0.4307692307692308,4,0.8660254037844387,-0.4999999999999998
2021,Sabaragamuwa,Kegalle,7.275923,80.32176,172,5,55,26.607142857142858,15.507142857142854,86.96428571428571,,2021-05-01,0.0,93.0,-0.40860215053763443,5,0.49999999999999994,-0.8660254037844387
2021,Sabaragamuwa,Kegalle,7.275923,80.32176,172,6,58,26.04642857142857,8.046428571428569,86.42857142857143,,2021-06-01,0.0,55.0,0.05454545454545454,6,1.2246467991473532e-16,-1.0
2021,Sabaragamuwa,Kegalle,7.275923,80.32176,172,7,73,26.24821428571429,9.360714285714286,85.71428571428571,,2021-07-01,0.0,58.0,0.25862068965517243,7,-0.4999999999999997,-0.8660254037844388
2021,Sabaragamuwa,Kegalle,7.275923,80.32176,172,8,26,25.75,9.30357142857143,86.39285714285714,,2021-08-01,0.0,73.0,-0.6438356164383562,8,-0.8660254037844385,-0.5000000000000004
2021,Sabaragamuwa,Kegalle,7.275923,80.32176,172,9,19,25.9375,9.110714285714286,86.82142857142857,,2021-09-01,0.0,26.0,-0.2692307692307692,9,-1.0,-1.8369701987210297e-16
2021,Sabaragamuwa,Kegalle,7.275923,80.32176,172,10,50,25.85892857142857,12.375,86.5,,2021-10-01,0.0,19.0,1.631578947368421,10,-0.8660254037844386,0.5000000000000001
2021,Sabaragamuwa,Kegalle,7.275923,80.32176,172,11,91,24.95357142857143,19.042857142857144,88.64285714285714,,2021-11-01,0.0,50.0,0.82,11,-0.5000000000000004,0.8660254037844384
2021,Sabaragamuwa,Kegalle,7.275923,80.32176,172,12,175,26.01785714285714,2.1821428571428574,78.21428571428571,,2021-12-01,0.0,91.0,0.9230769230769231,12,-2.4492935982947064e-16,1.0
2019,Northern,Kilinochchi,9.384886,80.38228,19,1,34,25.130357142857143,0.3142857142857143,74.57142857142857,,2019-01-01,0.0,,0.0,1,0.49999999999999994,0.8660254037844387
2019,Northern,Kilinochchi,9.384886,80.38228,19,2,23,26.778571428571432,1.2464285714285712,77.92857142857143,,2019-02-01,0.0,34.0,-0.3235294117647059,2,0.8660254037844386,0.5000000000000001
2019,Northern,Kilinochchi,9.384886,80.38228,19,3,16,28.371428571428567,0.1357142857142857,72.71428571428571,,2019-03-01,0.0,23.0,-0.30434782608695654,3,1.0,6.123233995736766e-17
2019,Northern,Kilinochchi,9.384886,80.38228,19,4,11,29.99107142857143,0.8250000000000001,71.53571428571429,,2019-04-01,0.0,16.0,-0.3125,4,0.8660254037844387,-0.4999999999999998
2019,Northern,Kilinochchi,9.384886,80.38228,19,5,12,31.442857142857147,0.3964285714285714,66.96428571428571,,2019-05-01,0.0,11.0,0.09090909090909091,5,0.49999999999999994,-0.8660254037844387
2019,Northern,Kilinochchi,9.384886,80.38228,19,6,9,31.23214285714285,0.1607142857142857,67.14285714285714,,2019-06-01,0.0,12.0,-0.25,6,1.2246467991473532e-16,-1.0
2019,Northern,Kilinochchi,9.384886,80.38228,19,7,11,30.471428571428568,0.4857142857142856,67.28571428571429,,2019-07-01,0.0,9.0,0.2222222222222222,7,-0.4999999999999997,-0.8660254037844388
2019,Northern,Kilinochchi,9.384886,80.38228,19,8,5,29.526785714285715,0.8928571428571427,71.42857142857143,,2019-08-01,0.0,11.0,-0.5454545454545454,8,-0.8660254037844385,-0.5000000000000004
2019,Northern,Kilinochchi,9.384886,80.38228,19,9,13,29.382142857142853,1.8142857142857145,71.78571428571429,,2019-09-01,0.0,5.0,1.6,9,-1.0,-1.8369701987210297e-16
2019,Northern,Kilinochchi,9.384886,80.38228,19,10,22,27.13571428571429,8.896428571428572,84.32142857142857,,2019-10-01,0.0,13.0,0.6923076923076923,10,-0.8660254037844386,0.5000000000000001
2019,Northern,Kilinochchi,9.384886,80.38228,19,11,99,27.080357142857142,2.567857142857143,83.75,,2019-11-01,0.0,22.0,3.5,11,-0.5000000000000004,0.8660254037844384
2019,Northern,Kilinochchi,9.384886,80.38228,19,12,141,26.00892857142857,7.899999999999999,84.10714285714286,,2019-12-01,0.0,99.0,0.42424242424242425,12,-2.4492935982947064e-16,1.0
2020,Northern,Kilinochchi,9.384886,80.38228,19,1,64,26.02142857142857,0.7999999999999999,77.85714285714286,,2020-01-01,0.0,141.0,-0.5460992907801419,1,0.49999999999999994,0.8660254037844387
2020,Northern,Kilinochchi,9.384886,80.38228,19,2,31,26.51428571428572,0.6035714285714285,72.75,,2020-02-01,0.0,64.0,-0.515625,2,0.8660254037844386,0.5000000000000001
2020,Northern,Kilinochchi,9.384886,80.38228,19,3,8,27.585714285714285,0.1964285714285714,73.78571428571429,,2020-03-01,0.0,31.0,-0.7419354838709677,3,1.0,6.123233995736766e-17
2020,Northern,Kilinochchi,9.384886,80.38228,19,4,1,29.605357142857144,1.1285714285714288,74.03571428571429,,2020-04-01,0.0,8.0,-0.875,4,0.8660254037844387,-0.4999999999999998
2020,Northern,Kilinochchi,9.384886,80.38228,19,5,1,30.34821428571428,2.2285714285714286,75.10714285714286,,2020-05-01,0.0,1.0,0.0,5,0.49999999999999994,-0.8660254037844387
2020,Northern,Kilinochchi,9.384886,80.38228,19,6,11,30.40535714285714,0.9821428571428572,69.17857142857143,,2020-06-01,0.0,1.0,10.0,6,1.2246467991473532e-16,-1.0
2020,Northern,Kilinochchi,9.384886,80.38228,19,7,6,29.621428571428574,2.164285714285715,71.71428571428571,,2020-07-01,0.0,11.0,-0.45454545454545453,7,-0.4999999999999997,-0.8660254037844388
2020,Northern,Kilinochchi,9.384886,80.38228,19,8,3,29.96071428571428,0.3821428571428572,68.71428571428571,,2020-08-01,0.0,6.0,-0.5,8,-0.8660254037844385,-0.5000000000000004
2020,Northern,Kilinochchi,9.384886,80.38228,19,9,1,29.316071428571423,2.071428571428572,72.03571428571429,,2020-09-01,0.0,3.0,-0.6666666666666666,9,-1.0,-1.8369701987210297e-16
2020,Northern,Kilinochchi,9.384886,80.38228,19,10,3,29.79107142857143,0.5857142857142857,68.75,,2020-10-01,0.0,1.0,2.0,10,-0.8660254037844386,0.5000000000000001
2020,Northern,Kilinochchi,9.384886,80.38228,19,11,5,26.98392857142857,8.95,83.57142857142857,,2020-11-01,0.0,3.0,0.6666666666666666,11,-0.5000000000000004,0.8660254037844384
2020,Northern,Kilinochchi,9.384886,80.38228,19,12,1,25.44464285714286,16.225,84.64285714285714,,2020-12-01,0.0,5.0,-0.8,12,-2.4492935982947064e-16,1.0
2021,Northern,Kilinochchi,9.384886,80.38228,19,1,4,25.530357142857135,18.632142857142863,84.03571428571429,,2021-01-01,0.0,1.0,3.0,1,0.49999999999999994,0.8660254037844387
2021,Northern,Kilinochchi,9.384886,80.38228,19,2,4,25.416071428571428,1.0964285714285713,77.89285714285714,,2021-02-01,0.0,4.0,0.0,2,0.8660254037844386,0.5000000000000001
2021,Northern,Kilinochchi,9.384886,80.38228,19,3,2,27.16964285714285,0.5785714285714285,76.53571428571429,,2021-03-01,0.0,4.0,-0.5,3,1.0,6.123233995736766e-17
2021,Northern,Kilinochchi,9.384886,80.38228,19,4,1,29.03392857142857,2.242857142857143,76.0,,2021-04-01,0.0,2.0,-0.5,4,0.8660254037844387,-0.4999999999999998
2021,Northern,Kilinochchi,9.384886,80.38228,19,5,1,29.071428571428577,2.425,77.89285714285714,,2021-05-01,0.0,1.0,0.0,5,0.49999999999999994,-0.8660254037844387
2021,Northern,Kilinochchi,9.384886,80.38228,19,6,0,29.819642857142856,1.0714285714285714,71.32142857142857,,2021-06-01,0.0,1.0,-1.0,6,1.2246467991473532e-16,-1.0
2021,Northern,Kilinochchi,9.384886,80.38228,19,7,1,29.84642857142857,0.5392857142857144,69.53571428571429,,2021-07-01,0.0,0.0,0.0,7,-0.4999999999999997,-0.8660254037844388
2021,Northern,Kilinochchi,9.384886,80.38228,19,8,1,29.66428571428571,1.167857142857143,69.57142857142857,,2021-08-01,0.0,1.0,0.0,8,-0.8660254037844385,-0.5000000000000004
2021,Northern,Kilinochchi,9.384886,80.38228,19,9,0,29.701785714285712,1.7964285714285713,70.96428571428571,,2021-09-01,0.0,1.0,-1.0,9,-1.0,-1.8369701987210297e-16
2021,Northern,Kilinochchi,9.384886,80.38228,19,10,0,27.48214285714286,7.260714285714284,81.89285714285714,,2021-10-01,0.0,0.0,0.0,10,-0.8660254037844386,0.5000000000000001
2021,Northern,Kilinochchi,9.384886,80.38228,19,11,2,26.00892857142857,18.59642857142857,87.17857142857143,,2021-11-01,0.0,0.0,0.0,11,-0.5000000000000004,0.8660254037844384
2021,Northern,Kilinochchi,9.384886,80.38228,19,12,10,25.84821428571429,2.092857142857143,79.21428571428571,,2021-12-01,0.0,2.0,4.0,12,-2.4492935982947064e-16,1.0
2019,North Western,Kurunegala,7.4868193,80.37352,129,1,215,25.09285714285714,0.8500000000000002,74.21428571428571,,2019-01-01,0.0,,0.0,1,0.49999999999999994,0.8660254037844387
2019,North Western,Kurunegala,7.4868193,80.37352,129,2,147,25.8625,5.414285714285716,78.96428571428571,,2019-02-01,0.0,215.0,-0.31627906976744186,2,0.8660254037844386,0.5000000000000001
2019,North Western,Kurunegala,7.4868193,80.37352,129,3,148,27.676785714285717,0.8428571428571429,67.92857142857143,,2019-03-01,0.0,147.0,0.006802721088435374,3,1.0,6.123233995736766e-17
2019,North Western,Kurunegala,7.4868193,80.37352,129,4,119,28.246428571428574,5.7250000000000005,74.78571428571429,,2019-04-01,0.0,148.0,-0.19594594594594594,4,0.8660254037844387,-0.4999999999999998
2019,North Western,Kurunegala,7.4868193,80.37352,129,5,121,27.369642857142857,1.0678571428571428,79.0,,2019-05-01,0.0,119.0,0.01680672268907563,5,0.49999999999999994,-0.8660254037844387
2019,North Western,Kurunegala,7.4868193,80.37352,129,6,134,26.749999999999996,3.625,82.75,,2019-06-01,0.0,121.0,0.10743801652892562,6,1.2246467991473532e-16,-1.0
2019,North Western,Kurunegala,7.4868193,80.37352,129,7,259,26.45892857142857,3.842857142857143,80.5,,2019-07-01,0.0,134.0,0.9328358208955224,7,-0.4999999999999997,-0.8660254037844388
2019,North Western,Kurunegala,7.4868193,80.37352,129,8,263,25.27857142857143,8.110714285714286,86.71428571428571,,2019-08-01,0.0,259.0,0.015444015444015444,8,-0.8660254037844385,-0.5000000000000004
2019,North Western,Kurunegala,7.4868193,80.37352,129,9,195,25.35535714285714,5.971428571428571,85.82142857142857,,2019-09-01,0.0,263.0,-0.2585551330798479,9,-1.0,-1.8369701987210297e-16
2019,North Western,Kurunegala,7.4868193,80.37352,129,10,350,25.071428571428573,18.060714285714287,88.71428571428571,,2019-10-01,0.0,195.0,0.7948717948717948,10,-0.8660254037844386,0.5000000000000001
2019,North Western,Kurunegala,7.4868193,80.37352,129,11,612,25.366071428571427,5.657142857142857,85.5,,2019-11-01,0.0,350.0,0.7485714285714286,11,-0.5000000000000004,0.8660254037844384
2019,North Western,Kurunegala,7.4868193,80.37352,129,12,655,25.060714285714287,3.621428571428571,84.42857142857143,,2019-12-01,0.0,612.0,0.07026143790849673,12,-2.4492935982947064e-16,1.0
2020,North Western,Kurunegala,7.4868193,80.37352,129,1,421,25.475,0.5178571428571429,75.64285714285714,,2020-01-01,0.0,655.0,-0.35725190839694654,1,0.49999999999999994,0.8660254037844387
2020,North Western,Kurunegala,7.4868193,80.37352,129,2,174,26.605357142857144,0.3571428571428571,68.75,,2020-02-01,0.0,421.0,-0.5866983372921615,2,0.8660254037844386,0.5000000000000001
2020,North Western,Kurunegala,7.4868193,80.37352,129,3,55,28.298214285714288,0.9214285714285714,66.75,,2020-03-01,0.0,174.0,-0.6839080459770115,3,1.0,6.123233995736766e-17
2020,North Western,Kurunegala,7.4868193,80.37352,129,4,7,27.9625,6.028571428571429,77.67857142857143,,2020-04-01,0.0,55.0,-0.8727272727272727,4,0.8660254037844387,-0.4999999999999998
2020,North Western,Kurunegala,7.4868193,80.37352,129,5,18,26.8,7.357142857142856,85.5,,2020-05-01,0.0,7.0,1.5714285714285714,5,0.49999999999999994,-0.8660254037844387
2020,North Western,Kurunegala,7.4868193,80.37352,129,6,62,26.40714285714286,4.814285714285714,83.35714285714286,,2020-06-01,0.0,18.0,2.4444444444444446,6,1.2246467991473532e-16,-1.0
2020,North Western,Kurunegala,7.4868193,80.37352,129,7,57,25.95535714285714,3.8964285714285727,83.17857142857143,,2020-07-01,0.0,62.0,-0.08064516129032258,7,-0.4999999999999997,-0.8660254037844388
2020,North Western,Kurunegala,7.4868193,80.37352,129,8,69,25.841071428571425,5.092857142857143,83.03571428571429,,2020-08-01,0.0,57.0,0.21052631578947367,8,-0.8660254037844385,-0.5000000000000004
2020,North Western,Kurunegala,7.4868193,80.37352,129,9,30,25.060714285714283,10.03214285714286,88.57142857142857,,2020-09-01,0.0,69.0,-0.5652173913043478,9,-1.0,-1.8369701987210297e-16
2020,North Western,Kurunegala,7.4868193,80.37352,129,10,34,25.39821428571429,4.446428571428572,85.10714285714286,,2020-10-01,0.0,30.0,0.13333333333333333,10,-0.8660254037844386,0.5000000000000001
2020,North Western,Kurunegala,7.4868193,80.37352,129,11,11,25.40892857142857,7.803571428571429,86.0,,2020-11-01,0.0,34.0,-0.6764705882352942,11,-0.5000000000000004,0.8660254037844384
2020,North Western,Kurunegala,7.4868193,80.37352,129,12,31,24.53214285714286,12.45,85.0,,2020-12-01,0.0,11.0,1.8181818181818181,12,-2.4492935982947064e-16,1.0
2021,North Western,Kurunegala,7.4868193,80.37352,129,1,53,24.498214285714287,6.582142857142857,84.39285714285714,,2021-01-01,0.0,31.0,0.7096774193548387,1,0.49999999999999994,0.8660254037844387
2021,North Western,Kurunegala,7.4868193,80.37352,129,2,65,25.5,0.5678571428571428,73.75,,2021-02-01,0.0,53.0,0.22641509433962265,2,0.8660254037844386,0.5000000000000001
2021,North Western,Kurunegala,7.4868193,80.37352,129,3,153,26.807142857142853,2.825,72.46428571428571,,2021-03-01,0.0,65.0,1.353846153846154,3,1.0,6.123233995736766e-17
2021,North Western,Kurunegala,7.4868193,80.37352,129,4,124,26.85178571428571,12.810714285714289,79.96428571428571,,2021-04-01,0.0,153.0,-0.1895424836601307,4,0.8660254037844387,-0.4999999999999998
2021,North Western,Kurunegala,7.4868193,80.37352,129,5,74,25.925,18.14285714285715,87.42857142857143,,2021-05-01,0.0,124.0,-0.4032258064516129,5,0.49999999999999994,-0.8660254037844387
2021,North Western,Kurunegala,7.4868193,80.37352,129,6,179,25.575,5.364285714285714,86.21428571428571,,2021-06-01,0.0,74.0,1.4189189189189189,6,1.2246467991473532e-16,-1.0
2021,North Western,Kurunegala,7.4868193,80.37352,129,7,222,25.70535714285715,5.975000000000001,85.42857142857143,,2021-07-01,0.0,179.0,0.24022346368715083,7,-0.4999999999999997,-0.8660254037844388
2021,North Western,Kurunegala,7.4868193,80.37352,129,8,93,25.28214285714286,5.389285714285714,85.89285714285714,,2021-08-01,0.0,222.0,-0.581081081081081,8,-0.8660254037844385,-0.5000000000000004
2021,North Western,Kurunegala,7.4868193,80.37352,129,9,52,25.425000000000004,5.750000000000001,86.60714285714286,,2021-09-01,0.0,93.0,-0.44086021505376344,9,-1.0,-1.8369701987210297e-16
2021,North Western,Kurunegala,7.4868193,80.37352,129,10,139,25.38392857142857,9.74642857142857,86.39285714285714,,2021-10-01,0.0,52.0,1.6730769230769231,10,-0.8660254037844386,0.5000000000000001
2021,North Western,Kurunegala,7.4868193,80.37352,129,11,262,24.432142857142857,12.635714285714284,88.92857142857143,,2021-11-01,0.0,139.0,0.8848920863309353,11,-0.5000000000000004,0.8660254037844384
2021,North Western,Kurunegala,7.4868193,80.37352,129,12,412,24.89464285714286,1.975,79.82142857142857,,2021-12-01,0.0,262.0,0.5725190839694656,12,-2.4492935982947064e-16,1.0
2019,Northern,Mannar,8.963093,79.96543,5,1,27,25.63571428571429,0.5071428571428572,74.35714285714286,,2019-01-01,0.0,,0.0,1,0.49999999999999994,0.8660254037844387
2019,Northern,Mannar,8.963093,79.96543,5,2,16,27.105357142857137,8.378571428571428,77.82142857142857,,2019-02-01,0.0,27.0,-0.4074074074074074,2,0.8660254037844386,0.5000000000000001
2019,Northern,Mannar,8.963093,79.96543,5,3,14,28.7125,0.2749999999999999,69.39285714285714,,2019-03-01,0.0,16.0,-0.125,3,1.0,6.123233995736766e-17
2019,Northern,Mannar,8.963093,79.96543,5,4,9,29.55357142857143,1.2928571428571427,71.85714285714286,,2019-04-01,0.0,14.0,-0.35714285714285715,4,0.8660254037844387,-0.4999999999999998
2019,Northern,Mannar,8.963093,79.96543,5,5,6,30.5375,0.2142857142857142,72.5,,2019-05-01,0.0,9.0,-0.3333333333333333,5,0.49999999999999994,-0.8660254037844387
2019,Northern,Mannar,8.963093,79.96543,5,6,3,30.10892857142857,0.3142857142857142,74.85714285714286,,2019-06-01,0.0,6.0,-0.5,6,1.2246467991473532e-16,-1.0
2019,Northern,Mannar,8.963093,79.96543,5,7,1,29.46071428571429,0.4571428571428571,74.67857142857143,,2019-07-01,0.0,3.0,-0.6666666666666666,7,-0.4999999999999997,-0.8660254037844388
2019,Northern,Mannar,8.963093,79.96543,5,8,2,28.90892857142857,1.1821428571428572,76.5,,2019-08-01,0.0,1.0,1.0,8,-0.8660254037844385,-0.5000000000000004
2019,Northern,Mannar,8.963093,79.96543,5,9,1,28.59285714285715,1.5571428571428574,76.96428571428571,,2019-09-01,0.0,2.0,-0.5,9,-1.0,-1.8369701987210297e-16
2019,Northern,Mannar,8.963093,79.96543,5,10,22,26.86071428571428,7.260714285714285,84.53571428571429,,2019-10-01,0.0,1.0,21.0,10,-0.8660254037844386,0.5000000000000001
2019,Northern,Mannar,8.963093,79.96543,5,11,40,27.19821428571429,2.482142857142857,83.85714285714286,,2019-11-01,0.0,22.0,0.8181818181818182,11,-0.5000000000000004,0.8660254037844384
2019,Northern,Mannar,8.963093,79.96543,5,12,130,26.45178571428572,4.121428571428569,83.39285714285714,,2019-12-01,0.0,40.0,2.25,12,-2.4492935982947064e-16,1.0
2020,Northern,Mannar,8.963093,79.96543,5,1,90,27.048214285714288,0.5607142857142857,73.82142857142857,,2020-01-01,0.0,130.0,-0.3076923076923077,1,0.49999999999999994,0.8660254037844387
2020,Northern,Mannar,8.963093,79.96543,5,2,25,28.20357142857143,0.2964285714285714,66.10714285714286,,2020-02-01,0.0,90.0,-0.7222222222222222,2,0.8660254037844386,0.5000000000000001
2020,Northern,Mannar,8.963093,79.96543,5,3,2,28.96785714285715,0.5785714285714285,66.57142857142857,,2020-03-01,0.0,25.0,-0.92,3,1.0,6.123233995736766e-17
2020,Northern,Mannar,8.963093,79.96543,5,4,1,30.028571428571425,1.4500000000000004,70.28571428571429,,2020-04-01,0.0,2.0,-0.5,4,0.8660254037844387,-0.4999999999999998
2020,Northern,Mannar,8.963093,79.96543,5,5,1,30.23928571428572,1.8321428571428573,74.78571428571429,,2020-05-01,0.0,1.0,0.0,5,0.49999999999999994,-0.8660254037844387
2020,Northern,Mannar,8.963093,79.96543,5,6,3,29.885714285714293,1.2964285714285717,74.64285714285714,,2020-06-01,0.0,1.0,2.0,6,1.2246467991473532e-16,-1.0
2020,Northern,Mannar,8.963093,79.96543,5,7,8,29.15714285714286,0.9535714285714288,76.0,,2020-07-01,0.0,3.0,1.6666666666666667,7,-0.4999999999999997,-0.8660254037844388
2020,Northern,Mannar,8.963093,79.96543,5,8,3,28.85,0.3571428571428571,77.14285714285714,,2020-08-01,0.0,8.0,-0.625,8,-0.8660254037844385,-0.5000000000000004
2020,Northern,Mannar,8.963093,79.96543,5,9,1,28.507142857142853,1.3642857142857143,77.67857142857143,,2020-09-01,0.0,3.0,-0.6666666666666666,9,-1.0,-1.8369701987210297e-16
2020,Northern,Mannar,8.963093,79.96543,5,10,0,29.09464285714285,0.5678571428571427,74.10714285714286,,2020-10-01,0.0,1.0,-1.0,10,-0.8660254037844386,0.5000000000000001
2020,Northern,Mannar,8.963093,79.96543,5,11,0,27.10535714285714,6.064285714285714,83.32142857142857,,2020-11-01,0.0,0.0,0.0,11,-0.5000000000000004,0.8660254037844384
2020,Northern,Mannar,8.963093,79.96543,5,12,3,25.66964285714285,18.842857142857135,84.64285714285714,,2020-12-01,0.0,0.0,0.0,12,-2.4492935982947064e-16,1.0
2021,Northern,Mannar,8.963093,79.96543,5,1,5,25.807142857142857,6.714285714285714,84.14285714285714,,2021-01-01,0.0,3.0,0.6666666666666666,1,0.49999999999999994,0.8660254037844387
2021,Northern,Mannar,8.963093,79.96543,5,2,4,26.15000000000001,0.6464285714285715,74.92857142857143,,2021-02-01,0.0,5.0,-0.2,2,0.8660254037844386,0.5000000000000001
2021,Northern,Mannar,8.963093,79.96543,5,3,5,28.255357142857143,1.5785714285714283,71.25,,2021-03-01,0.0,4.0,0.25,3,1.0,6.123233995736766e-17
2021,Northern,Mannar,8.963093,79.96543,5,4,6,29.367857142857144,1.3285714285714283,73.42857142857143,,2021-04-01,0.0,5.0,0.2,4,0.8660254037844387,-0.4999999999999998
2021,Northern,Mannar,8.963093,79.96543,5,5,1,29.121428571428567,2.5357142857142856,77.71428571428571,,2021-05-01,0.0,6.0,-0.8333333333333334,5,0.49999999999999994,-0.8660254037844387
2021,Northern,Mannar,8.963093,79.96543,5,6,1,29.25892857142857,1.2714285714285716,75.75,,2021-06-01,0.0,1.0,0.0,6,1.2246467991473532e-16,-1.0
2021,Northern,Mannar,8.963093,79.96543,5,7,1,29.258928571428573,0.532142857142857,75.10714285714286,,2021-07-01,0.0,1.0,0.0,7,-0.4999999999999997,-0.8660254037844388
2021,Northern,Mannar,8.963093,79.96543,5,8,1,28.88928571428572,0.8214285714285715,76.07142857142857,,2021-08-01,0.0,1.0,0.0,8,-0.8660254037844385,-0.5000000000000004
2021,Northern,Mannar,8.963093,79.96543,5,9,0,28.978571428571435,0.9678571428571427,76.0,,2021-09-01,0.0,1.0,-1.0,9,-1.0,-1.8369701987210297e-16
2021,Northern,Mannar,8.963093,79.96543,5,10,3,27.38571428571429,6.728571428571429,82.0,,2021-10-01,0.0,0.0,0.0,10,-0.8660254037844386,0.5000000000000001
2021,Northern,Mannar,8.963093,79.96543,5,11,27,26.2625,17.025,85.64285714285714,,2021-11-01,0.0,3.0,8.0,11,-0.5000000000000004,0.8660254037844384
2021,Northern,Mannar,8.963093,79.96543,5,12,284,26.26428571428572,1.4107142857142858,78.89285714285714,,2021-12-01,0.0,27.0,9.518518518518519,12,-2.4492935982947064e-16,1.0
2019,Central,Matale,7.4868193,80.52632,362,1,62,25.59285714285714,0.8500000000000002,74.28571428571429,,2019-01-01,0.0,,0.0,1,0.49999999999999994,0.8660254037844387
2019,Central,Matale,7.4868193,80.52632,362,2,54,26.3625,5.414285714285716,79.07142857142857,,2019-02-01,0.0,62.0,-0.12903225806451613,2,0.8660254037844386,0.5000000000000001
2019,Central,Matale,7.4868193,80.52632,362,3,58,28.176785714285717,0.8428571428571429,68.03571428571429,,2019-03-01,0.0,54.0,0.07407407407407407,3,1.0,6.123233995736766e-17
2019,Central,Matale,7.4868193,80.52632,362,4,17,28.746428571428574,5.7250000000000005,74.96428571428571,,2019-04-01,0.0,58.0,-0.7068965517241379,4,0.8660254037844387,-0.4999999999999998
2019,Central,Matale,7.4868193,80.52632,362,5,30,27.869642857142857,1.0678571428571428,79.07142857142857,,2019-05-01,0.0,17.0,0.7647058823529411,5,0.49999999999999994,-0.8660254037844387
2019,Central,Matale,7.4868193,80.52632,362,6,54,27.249999999999996,3.625,82.78571428571429,,2019-06-01,0.0,30.0,0.8,6,1.2246467991473532e-16,-1.0
2019,Central,Matale,7.4868193,80.52632,362,7,60,26.95892857142857,3.842857142857143,80.57142857142857,,2019-07-01,0.0,54.0,0.1111111111111111,7,-0.4999999999999997,-0.8660254037844388
2019,Central,Matale,7.4868193,80.52632,362,8,73,25.77857142857143,8.110714285714286,86.82142857142857,,2019-08-01,0.0,60.0,0.21666666666666667,8,-0.8660254037844385,-0.5000000000000004
2019,Central,Matale,7.4868193,80.52632,362,9,62,25.85535714285714,5.971428571428571,85.85714285714286,,2019-09-01,0.0,73.0,-0.1506849315068493,9,-1.0,-1.8369701987210297e-16
2019,Central,Matale,7.4868193,80.52632,362,10,275,25.571428571428577,18.060714285714287,88.75,,2019-10-01,0.0,62.0,3.435483870967742,10,-0.8660254037844386,0.5000000000000001
2019,Central,Matale,7.4868193,80.52632,362,11,902,25.866071428571427,5.657142857142857,85.53571428571429,,2019-11-01,0.0,275.0,2.28,11,-0.5000000000000004,0.8660254037844384
2019,Central,Matale,7.4868193,80.52632,362,12,798,25.56071428571429,3.621428571428571,84.53571428571429,,2019-12-01,0.0,902.0,-0.11529933481152993,12,-2.4492935982947064e-16,1.0
2020,Central,Matale,7.4868193,80.52632,362,1,276,25.975,0.5178571428571429,75.71428571428571,,2020-01-01,0.0,798.0,-0.6541353383458647,1,0.49999999999999994,0.8660254037844387
2020,Central,Matale,7.4868193,80.52632,362,2,110,27.105357142857148,0.3571428571428571,68.85714285714286,,2020-02-01,0.0,276.0,-0.6014492753623188,2,0.8660254037844386,0.5000000000000001
2020,Central,Matale,7.4868193,80.52632,362,3,44,28.798214285714288,0.9214285714285714,66.78571428571429,,2020-03-01,0.0,110.0,-0.6,3,1.0,6.123233995736766e-17
2020,Central,Matale,7.4868193,80.52632,362,4,9,28.4625,6.028571428571429,77.75,,2020-04-01,0.0,44.0,-0.7954545454545454,4,0.8660254037844387,-0.4999999999999998
2020,Central,Matale,7.4868193,80.52632,362,5,23,27.3,7.357142857142856,85.57142857142857,,2020-05-01,0.0,9.0,1.5555555555555556,5,0.49999999999999994,-0.8660254037844387
2020,Central,Matale,7.4868193,80.52632,362,6,25,26.90714285714286,4.814285714285714,83.42857142857143,,2020-06-01,0.0,23.0,0.08695652173913043,6,1.2246467991473532e-16,-1.0
2020,Central,Matale,7.4868193,80.52632,362,7,36,26.45535714285714,3.8964285714285727,83.17857142857143,,2020-07-01,0.0,25.0,0.44,7,-0.4999999999999997,-0.8660254037844388
2020,Central,Matale,7.4868193,80.52632,362,8,19,26.341071428571425,5.092857142857143,83.03571428571429,,2020-08-01,0.0,36.0,-0.4722222222222222,8,-0.8660254037844385,-0.5000000000000004
2020,Central,Matale,7.4868193,80.52632,362,9,15,25.560714285714283,10.03214285714286,88.57142857142857,,2020-09-01,0.0,19.0,-0.21052631578947367,9,-1.0,-1.8369701987210297e-16
2020,Central,Matale,7.4868193,80.52632,362,10,14,25.89821428571429,4.446428571428572,85.14285714285714,,2020-10-01,0.0,15.0,-0.06666666666666667,10,-0.8660254037844386,0.5000000000000001
2020,Central,Matale,7.4868193,80.52632,362,11,14,25.90892857142857,7.803571428571429,86.0,,2020-11-01,0.0,14.0,0.0,11,-0.5000000000000004,0.8660254037844384
2020,Central,Matale,7.4868193,80.52632,362,12,10,25.03214285714286,12.45,85.07142857142857,,2020-12-01,0.0,14.0,-0.2857142857142857,12,-2.4492935982947064e-16,1.0
2021,Central,Matale,7.4868193,80.52632,362,1,9,24.998214285714287,6.582142857142857,84.42857142857143,,2021-01-01,0.0,10.0,-0.1,1,0.49999999999999994,0.8660254037844387
2021,Central,Matale,7.4868193,80.52632,362,2,9,26.0,0.5678571428571428,73.85714285714286,,2021-02-01,0.0,9.0,0.0,2,0.8660254037844386,0.5000000000000001
2021,Central,Matale,7.4868193,80.52632,362,3,13,27.307142857142853,2.825,72.57142857142857,,2021-03-01,0.0,9.0,0.4444444444444444,3,1.0,6.123233995736766e-17
2021,Central,Matale,7.4868193,80.52632,362,4,15,27.35178571428571,12.810714285714289,80.0,,2021-04-01,0.0,13.0,0.15384615384615385,4,0.8660254037844387,-0.4999999999999998
2021,Central,Matale,7.4868193,80.52632,362,5,8,26.425,18.14285714285715,87.5,,2021-05-01,0.0,15.0,-0.4666666666666667,5,0.49999999999999994,-0.8660254037844387
2021,Central,Matale,7.4868193,80.52632,362,6,22,26.075000000000003,5.364285714285714,86.25,,2021-06-01,0.0,8.0,1.75,6,1.2246467991473532e-16,-1.0
2021,Central,Matale,7.4868193,80.52632,362,7,51,26.20535714285715,5.975000000000001,85.5,,2021-07-01,0.0,22.0,1.3181818181818181,7,-0.4999999999999997,-0.8660254037844388
2021,Central,Matale,7.4868193,80.52632,362,8,37,25.78214285714286,5.389285714285714,86.0,,2021-08-01,0.0,51.0,-0.27450980392156865,8,-0.8660254037844385,-0.5000000000000004
2021,Central,Matale,7.4868193,80.52632,362,9,15,25.925000000000004,5.750000000000001,86.67857142857143,,2021-09-01,0.0,37.0,-0.5945945945945946,9,-1.0,-1.8369701987210297e-16
2021,Central,Matale,7.4868193,80.52632,362,10,28,25.88392857142857,9.74642857142857,86.39285714285714,,2021-10-01,0.0,15.0,0.8666666666666667,10,-0.8660254037844386,0.5000000000000001
2021,Central,Matale,7.4868193,80.52632,362,11,39,24.93214285714286,12.635714285714284,88.96428571428571,,2021-11-01,0.0,28.0,0.39285714285714285,11,-0.5000000000000004,0.8660254037844384
2021,Central,Matale,7.4868193,80.52632,362,12,44,25.39464285714286,1.975,79.85714285714286,,2021-12-01,0.0,39.0,0.1282051282051282,12,-2.4492935982947064e-16,1.0
2019,Southern,Matara,6.1511426,81.127815,8,1,219,27.28750000000001,0.7107142857142856,71.0,,2019-01-01,0.0,,0.0,1,0.49999999999999994,0.8660254037844387
2019,Southern,Matara,6.1511426,81.127815,8,2,133,27.70714285714286,6.899999999999998,76.53571428571429,,2019-02-01,0.0,219.0,-0.3926940639269406,2,0.8660254037844386,0.5000000000000001
2019,Southern,Matara,6.1511426,81.127815,8,3,101,28.051785714285717,1.4821428571428572,75.21428571428571,,2019-03-01,0.0,133.0,-0.24060150375939848,3,1.0,6.123233995736766e-17
2019,Southern,Matara,6.1511426,81.127815,8,4,106,28.612500000000008,2.396428571428572,78.60714285714286,,2019-04-01,0.0,101.0,0.04950495049504951,4,0.8660254037844387,-0.4999999999999998
2019,Southern,Matara,6.1511426,81.127815,8,5,130,28.84464285714285,1.482142857142857,77.07142857142857,,2019-05-01,0.0,106.0,0.22641509433962265,5,0.49999999999999994,-0.8660254037844387
2019,Southern,Matara,6.1511426,81.127815,8,6,291,28.964285714285715,2.0142857142857147,76.28571428571429,,2019-06-01,0.0,130.0,1.2384615384615385,6,1.2246467991473532e-16,-1.0
2019,Southern,Matara,6.1511426,81.127815,8,7,583,28.708928571428565,1.4642857142857142,75.39285714285714,,2019-07-01,0.0,291.0,1.0034364261168385,7,-0.4999999999999997,-0.8660254037844388
2019,Southern,Matara,6.1511426,81.127815,8,8,717,27.73571428571428,3.553571428571428,80.14285714285714,,2019-08-01,0.0,583.0,0.22984562607204118,8,-0.8660254037844385,-0.5000000000000004
2019,Southern,Matara,6.1511426,81.127815,8,9,383,27.205357142857142,5.046428571428571,82.64285714285714,,2019-09-01,0.0,717.0,-0.46582984658298465,9,-1.0,-1.8369701987210297e-16
2019,Southern,Matara,6.1511426,81.127815,8,10,493,26.433928571428574,8.642857142857142,85.92857142857143,,2019-10-01,0.0,383.0,0.28720626631853785,10,-0.8660254037844386,0.5000000000000001
2019,Southern,Matara,6.1511426,81.127815,8,11,543,26.607142857142858,5.567857142857143,85.92857142857143,,2019-11-01,0.0,493.0,0.10141987829614604,11,-0.5000000000000004,0.8660254037844384
2019,Southern,Matara,6.1511426,81.127815,8,12,355,26.423214285714288,5.396428571428572,85.60714285714286,,2019-12-01,0.0,543.0,-0.3462246777163904,12,-2.4492935982947064e-16,1.0
2020,Southern,Matara,6.1511426,81.127815,8,1,227,27.3625,0.9107142857142856,74.75,,2020-01-01,0.0,355.0,-0.36056338028169016,1,0.49999999999999994,0.8660254037844387
2020,Southern,Matara,6.1511426,81.127815,8,2,120,27.794642857142858,2.7678571428571423,72.07142857142857,,2020-02-01,0.0,227.0,-0.4713656387665198,2,0.8660254037844386,0.5000000000000001
2020,Southern,Matara,6.1511426,81.127815,8,3,21,28.303571428571423,0.3821428571428572,72.67857142857143,,2020-03-01,0.0,120.0,-0.825,3,1.0,6.123233995736766e-17
2020,Southern,Matara,6.1511426,81.127815,8,4,6,28.51607142857143,2.232142857142857,77.89285714285714,,2020-04-01,0.0,21.0,-0.7142857142857143,4,0.8660254037844387,-0.4999999999999998
2020,Southern,Matara,6.1511426,81.127815,8,5,21,28.84464285714285,2.2964285714285717,79.92857142857143,,2020-05-01,0.0,6.0,2.5,5,0.49999999999999994,-0.8660254037844387
2020,Southern,Matara,6.1511426,81.127815,8,6,27,29.43928571428571,0.8142857142857144,73.14285714285714,,2020-06-01,0.0,21.0,0.2857142857142857,6,1.2246467991473532e-16,-1.0
2020,Southern,Matara,6.1511426,81.127815,8,7,39,28.453571428571426,3.146428571428572,76.57142857142857,,2020-07-01,0.0,27.0,0.4444444444444444,7,-0.4999999999999997,-0.8660254037844388
2020,Southern,Matara,6.1511426,81.127815,8,8,17,28.423214285714284,1.6821428571428567,75.92857142857143,,2020-08-01,0.0,39.0,-0.5641025641025641,8,-0.8660254037844385,-0.5000000000000004
2020,Southern,Matara,6.1511426,81.127815,8,9,15,28.023214285714285,1.953571428571429,77.28571428571429,,2020-09-01,0.0,17.0,-0.11764705882352941,9,-1.0,-1.8369701987210297e-16
2020,Southern,Matara,6.1511426,81.127815,8,10,27,28.95892857142857,0.9142857142857144,71.89285714285714,,2020-10-01,0.0,15.0,0.8,10,-0.8660254037844386,0.5000000000000001
2020,Southern,Matara,6.1511426,81.127815,8,11,17,27.3625,6.803571428571429,82.10714285714286,,2020-11-01,0.0,27.0,-0.37037037037037035,11,-0.5000000000000004,0.8660254037844384
2020,Southern,Matara,6.1511426,81.127815,8,12,8,27.05,3.667857142857144,79.39285714285714,,2020-12-01,0.0,17.0,-0.5294117647058824,12,-2.4492935982947064e-16,1.0
2021,Southern,Matara,6.1511426,81.127815,8,1,23,26.3375,5.921428571428572,82.53571428571429,,2021-01-01,0.0,8.0,1.875,1,0.49999999999999994,0.8660254037844387
2021,Southern,Matara,6.1511426,81.127815,8,2,37,27.542857142857144,0.8428571428571429,72.75,,2021-02-01,0.0,23.0,0.6086956521739131,2,0.8660254037844386,0.5000000000000001
2021,Southern,Matara,6.1511426,81.127815,8,3,36,27.526785714285715,3.907142857142858,76.64285714285714,,2021-03-01,0.0,37.0,-0.02702702702702703,3,1.0,6.123233995736766e-17
2021,Southern,Matara,6.1511426,81.127815,8,4,39,28.63928571428572,1.6000000000000003,75.89285714285714,,2021-04-01,0.0,36.0,0.08333333333333333,4,0.8660254037844387,-0.4999999999999998
2021,Southern,Matara,6.1511426,81.127815,8,5,25,28.560714285714283,3.2178571428571425,78.42857142857143,,2021-05-01,0.0,39.0,-0.358974358974359,5,0.49999999999999994,-0.8660254037844387
2021,Southern,Matara,6.1511426,81.127815,8,6,158,29.073214285714293,0.985714285714286,72.32142857142857,,2021-06-01,0.0,25.0,5.32,6,1.2246467991473532e-16,-1.0
2021,Southern,Matara,6.1511426,81.127815,8,7,103,28.705357142857142,1.4750000000000003,74.71428571428571,,2021-07-01,0.0,158.0,-0.34810126582278483,7,-0.4999999999999997,-0.8660254037844388
2021,Southern,Matara,6.1511426,81.127815,8,8,55,28.4875,1.5107142857142857,73.82142857142857,,2021-08-01,0.0,103.0,-0.46601941747572817,8,-0.8660254037844385,-0.5000000000000004
2021,Southern,Matara,6.1511426,81.127815,8,9,35,28.40357142857142,1.7214285714285713,75.75,,2021-09-01,0.0,55.0,-0.36363636363636365,9,-1.0,-1.8369701987210297e-16
2021,Southern,Matara,6.1511426,81.127815,8,10,60,28.057142857142853,4.2821428571428575,77.28571428571429,,2021-10-01,0.0,35.0,0.7142857142857143,10,-0.8660254037844386,0.5000000000000001
2021,Southern,Matara,6.1511426,81.127815,8,11,82,27.16785714285714,7.353571428571428,80.17857142857143,,2021-11-01,0.0,60.0,0.36666666666666664,11,-0.5000000000000004,0.8660254037844384
2021,Southern,Matara,6.1511426,81.127815,8,12,100,26.66964285714285,4.360714285714286,79.07142857142857,,2021-12-01,0.0,82.0,0.21951219512195122,12,-2.4492935982947064e-16,1.0
2019,Uva,Moneragala,6.8541303,81.35636,152,1,60,25.09285714285714,1.3392857142857146,78.0,,2019-01-01,0.0,,0.0,1,0.49999999999999994,0.8660254037844387
2019,Uva,Moneragala,6.8541303,81.35636,152,2,38,25.8625,4.760714285714286,83.28571428571429,,2019-02-01,0.0,60.0,-0.36666666666666664,2,0.8660254037844386,0.5000000000000001
2019,Uva,Moneragala,6.8541303,81.35636,152,3,49,27.380357142857143,2.1785714285714284,75.0,,2019-03-01,0.0,38.0,0.2894736842105263,3,1.0,6.123233995736766e-17
2019,Uva,Moneragala,6.8541303,81.35636,152,4,39,28.380357142857147,4.3,78.35714285714286,,2019-04-01,0.0,49.0,-0.20408163265306123,4,0.8660254037844387,-0.4999999999999998
2019,Uva,Moneragala,6.8541303,81.35636,152,5,29,29.325,0.8499999999999999,69.32142857142857,,2019-05-01,0.0,39.0,-0.2564102564102564,5,0.49999999999999994,-0.8660254037844387
2019,Uva,Moneragala,6.8541303,81.35636,152,6,59,30.34285714285713,1.55,65.17857142857143,,2019-06-01,0.0,29.0,1.0344827586206897,6,1.2246467991473532e-16,-1.0
2019,Uva,Moneragala,6.8541303,81.35636,152,7,48,29.901785714285708,0.4571428571428572,64.53571428571429,,2019-07-01,0.0,59.0,-0.1864406779661017,7,-0.4999999999999997,-0.8660254037844388
2019,Uva,Moneragala,6.8541303,81.35636,152,8,11,28.53035714285713,1.3214285714285714,70.96428571428571,,2019-08-01,0.0,48.0,-0.7708333333333334,8,-0.8660254037844385,-0.5000000000000004
2019,Uva,Moneragala,6.8541303,81.35636,152,9,0,27.95714285714286,4.7821428571428575,75.82142857142857,,2019-09-01,0.0,11.0,-1.0,9,-1.0,-1.8369701987210297e-16
2019,Uva,Moneragala,6.8541303,81.35636,152,10,0,25.4125,15.992857142857144,90.92857142857144,,2019-10-01,0.0,0.0,0.0,10,-0.8660254037844386,0.5000000000000001
2019,Uva,Moneragala,6.8541303,81.35636,152,11,0,25.496428571428567,9.960714285714284,89.21428571428571,,2019-11-01,0.0,0.0,0.0,11,-0.5000000000000004,0.8660254037844384
2019,Uva,Moneragala,6.8541303,81.35636,152,12,0,25.0,11.785714285714286,89.57142857142857,,2019-12-01,0.0,0.0,0.0,12,-2.4492935982947064e-16,1.0
2020,Uva,Moneragala,6.8541303,81.35636,152,1,0,25.35714285714285,1.6535714285714285,81.03571428571429,,2020-01-01,0.0,0.0,0.0,1,0.49999999999999994,0.8660254037844387
2020,Uva,Moneragala,6.8541303,81.35636,152,2,0,26.02500000000001,1.4464285714285716,76.64285714285714,,2020-02-01,0.0,0.0,0.0,2,0.8660254037844386,0.5000000000000001
2020,Uva,Moneragala,6.8541303,81.35636,152,3,0,27.519642857142856,0.6785714285714286,72.78571428571429,,2020-03-01,0.0,0.0,0.0,3,1.0,6.123233995736766e-17
2020,Uva,Moneragala,6.8541303,81.35636,152,4,0,27.86607142857143,6.1571428571428575,79.89285714285714,,2020-04-01,0.0,0.0,0.0,4,0.8660254037844387,-0.4999999999999998
2020,Uva,Moneragala,6.8541303,81.35636,152,5,0,27.83392857142857,4.15,82.78571428571429,,2020-05-01,0.0,0.0,0.0,5,0.49999999999999994,-0.8660254037844387
2020,Uva,Moneragala,6.8541303,81.35636,152,6,0,29.558928571428574,1.35,66.53571428571429,,2020-06-01,0.0,0.0,0.0,6,1.2246467991473532e-16,-1.0
2020,Uva,Moneragala,6.8541303,81.35636,152,7,0,28.40535714285714,3.4357142857142846,72.39285714285714,,2020-07-01,0.0,0.0,0.0,7,-0.4999999999999997,-0.8660254037844388
2020,Uva,Moneragala,6.8541303,81.35636,152,8,0,29.30535714285714,0.3428571428571428,65.53571428571429,,2020-08-01,0.0,0.0,0.0,8,-0.8660254037844385,-0.5000000000000004
2020,Uva,Moneragala,6.8541303,81.35636,152,9,0,28.52142857142857,3.15,71.14285714285714,,2020-09-01,0.0,0.0,0.0,9,-1.0,-1.8369701987210297e-16
2020,Uva,Moneragala,6.8541303,81.35636,152,10,0,29.85,1.9285714285714288,62.71428571428572,,2020-10-01,0.0,0.0,0.0,10,-0.8660254037844386,0.5000000000000001
2020,Uva,Moneragala,6.8541303,81.35636,152,11,0,26.06428571428572,13.20714285714286,87.64285714285714,,2020-11-01,0.0,0.0,0.0,11,-0.5000000000000004,0.8660254037844384
2020,Uva,Moneragala,6.8541303,81.35636,152,12,0,25.35535714285714,9.657142857142857,83.75,,2020-12-01,0.0,0.0,0.0,12,-2.4492935982947064e-16,1.0
2021,Uva,Moneragala,6.8541303,81.35636,152,1,9,24.789285714285715,11.275,86.82142857142857,,2021-01-01,0.0,0.0,0.0,1,0.49999999999999994,0.8660254037844387
2021,Uva,Moneragala,6.8541303,81.35636,152,2,4,25.41071428571428,1.9607142857142856,79.75,,2021-02-01,0.0,9.0,-0.5555555555555556,2,0.8660254037844386,0.5000000000000001
2021,Uva,Moneragala,6.8541303,81.35636,152,3,16,25.94107142857143,4.917857142857144,81.17857142857143,,2021-03-01,0.0,4.0,3.0,3,1.0,6.123233995736766e-17
2021,Uva,Moneragala,6.8541303,81.35636,152,4,12,27.062500000000007,4.439285714285714,81.10714285714286,,2021-04-01,0.0,16.0,-0.25,4,0.8660254037844387,-0.4999999999999998
2021,Uva,Moneragala,6.8541303,81.35636,152,5,7,27.167857142857144,6.767857142857143,84.14285714285714,,2021-05-01,0.0,12.0,-0.4166666666666667,5,0.49999999999999994,-0.8660254037844387
2021,Uva,Moneragala,6.8541303,81.35636,152,6,24,28.623214285714287,1.557142857142857,69.17857142857143,,2021-06-01,0.0,7.0,2.4285714285714284,6,1.2246467991473532e-16,-1.0
2021,Uva,Moneragala,6.8541303,81.35636,152,7,43,29.098214285714285,2.357142857142857,68.60714285714286,,2021-07-01,0.0,24.0,0.7916666666666666,7,-0.4999999999999997,-0.8660254037844388
2021,Uva,Moneragala,6.8541303,81.35636,152,8,8,29.25892857142857,2.753571428571429,67.14285714285714,,2021-08-01,0.0,43.0,-0.813953488372093,8,-0.8660254037844385,-0.5000000000000004
2021,Uva,Moneragala,6.8541303,81.35636,152,9,11,29.160714285714285,2.7464285714285706,69.64285714285714,,2021-09-01,0.0,8.0,0.375,9,-1.0,-1.8369701987210297e-16
2021,Uva,Moneragala,6.8541303,81.35636,152,10,12,27.432142857142857,5.075000000000001,77.21428571428571,,2021-10-01,0.0,11.0,0.09090909090909091,10,-0.8660254037844386,0.5000000000000001
2021,Uva,Moneragala,6.8541303,81.35636,152,11,17,25.38571428571429,13.046428571428574,89.14285714285714,,2021-11-01,0.0,12.0,0.4166666666666667,11,-0.5000000000000004,0.8660254037844384
2021,Uva,Moneragala,6.8541303,81.35636,152,12,37,25.24107142857143,3.9892857142857134,81.5,,2021-12-01,0.0,17.0,1.1764705882352942,12,-2.4492935982947064e-16,1.0
2019,Northern,Mulativu,9.244288,80.789246,5,1,47,25.732142857142858,0.675,74.46428571428571,,2019-01-01,0.0,,0.0,1,0.49999999999999994,0.8660254037844387
2019,Northern,Mulativu,9.244288,80.789246,5,2,31,26.817857142857143,1.507142857142857,79.57142857142857,,2019-02-01,0.0,47.0,-0.3404255319148936,2,0.8660254037844386,0.5000000000000001
2019,Northern,Mulativu,9.244288,80.789246,5,3,12,28.03035714285714,0.1535714285714285,76.96428571428571,,2019-03-01,0.0,31.0,-0.6129032258064516,3,1.0,6.123233995736766e-17
2019,Northern,Mulativu,9.244288,80.789246,5,4,3,29.137500000000003,0.2964285714285714,76.71428571428571,,2019-04-01,0.0,12.0,-0.75,4,0.8660254037844387,-0.4999999999999998
2019,Northern,Mulativu,9.244288,80.789246,5,5,10,31.776785714285715,0.5785714285714286,69.14285714285714,,2019-05-01,0.0,3.0,2.3333333333333335,5,0.49999999999999994,-0.8660254037844387
2019,Northern,Mulativu,9.244288,80.789246,5,6,1,31.73392857142857,0.3464285714285713,64.42857142857143,,2019-06-01,0.0,10.0,-0.9,6,1.2246467991473532e-16,-1.0
2019,Northern,Mulativu,9.244288,80.789246,5,7,10,30.882142857142856,0.7357142857142858,66.39285714285714,,2019-07-01,0.0,1.0,9.0,7,-0.4999999999999997,-0.8660254037844388
2019,Northern,Mulativu,9.244288,80.789246,5,8,7,30.351785714285707,1.5821428571428573,68.17857142857143,,2019-08-01,0.0,10.0,-0.3,8,-0.8660254037844385,-0.5000000000000004
2019,Northern,Mulativu,9.244288,80.789246,5,9,1,29.6125,4.717857142857143,73.82142857142857,,2019-09-01,0.0,7.0,-0.8571428571428571,9,-1.0,-1.8369701987210297e-16
2019,Northern,Mulativu,9.244288,80.789246,5,10,18,26.923214285714288,6.982142857142857,85.85714285714286,,2019-10-01,0.0,1.0,17.0,10,-0.8660254037844386,0.5000000000000001
2019,Northern,Mulativu,9.244288,80.789246,5,11,56,27.07857142857143,4.442857142857143,84.78571428571429,,2019-11-01,0.0,18.0,2.111111111111111,11,-0.5000000000000004,0.8660254037844384
2019,Northern,Mulativu,9.244288,80.789246,5,12,72,26.35714285714286,9.078571428571427,83.14285714285714,,2019-12-01,0.0,56.0,0.2857142857142857,12,-2.4492935982947064e-16,1.0
2020,Northern,Mulativu,9.244288,80.789246,5,1,58,26.50892857142857,1.5,76.82142857142857,,2020-01-01,0.0,72.0,-0.19444444444444445,1,0.49999999999999994,0.8660254037844387
2020,Northern,Mulativu,9.244288,80.789246,5,2,15,26.99464285714285,1.0214285714285714,72.64285714285714,,2020-02-01,0.0,58.0,-0.7413793103448276,2,0.8660254037844386,0.5000000000000001
2020,Northern,Mulativu,9.244288,80.789246,5,3,2,27.735714285714288,0.3071428571428572,74.89285714285714,,2020-03-01,0.0,15.0,-0.8666666666666667,3,1.0,6.123233995736766e-17
2020,Northern,Mulativu,9.244288,80.789246,5,4,1,29.28214285714286,0.8000000000000002,76.60714285714286,,2020-04-01,0.0,2.0,-0.5,4,0.8660254037844387,-0.4999999999999998
2020,Northern,Mulativu,9.244288,80.789246,5,5,1,30.058928571428574,1.907142857142857,77.82142857142857,,2020-05-01,0.0,1.0,0.0,5,0.49999999999999994,-0.8660254037844387
2020,Northern,Mulativu,9.244288,80.789246,5,6,2,30.84107142857143,1.2035714285714287,68.10714285714286,,2020-06-01,0.0,1.0,1.0,6,1.2246467991473532e-16,-1.0
2020,Northern,Mulativu,9.244288,80.789246,5,7,2,29.723214285714285,2.832142857142857,73.64285714285714,,2020-07-01,0.0,2.0,0.0,7,-0.4999999999999997,-0.8660254037844388
2020,Northern,Mulativu,9.244288,80.789246,5,8,3,30.183928571428574,1.275,70.03571428571429,,2020-08-01,0.0,2.0,0.5,8,-0.8660254037844385,-0.5000000000000004
2020,Northern,Mulativu,9.244288,80.789246,5,9,1,29.567857142857143,2.9607142857142854,72.64285714285714,,2020-09-01,0.0,3.0,-0.6666666666666666,9,-1.0,-1.8369701987210297e-16
2020,Northern,Mulativu,9.244288,80.789246,5,10,0,29.935714285714283,1.582142857142857,69.28571428571429,,2020-10-01,0.0,1.0,-1.0,10,-0.8660254037844386,0.5000000000000001
2020,Northern,Mulativu,9.244288,80.789246,5,11,1,26.925000000000004,11.74642857142857,84.89285714285714,,2020-11-01,0.0,0.0,0.0,11,-0.5000000000000004,0.8660254037844384
2020,Northern,Mulativu,9.244288,80.789246,5,12,4,25.84464285714286,15.053571428571429,83.78571428571429,,2020-12-01,0.0,1.0,3.0,12,-2.4492935982947064e-16,1.0
2021,Northern,Mulativu,9.244288,80.789246,5,1,0,25.858928571428574,14.317857142857145,83.10714285714286,,2021-01-01,0.0,4.0,-1.0,1,0.49999999999999994,0.8660254037844387
2021,Northern,Mulativu,9.244288,80.789246,5,2,0,25.889285714285712,1.4357142857142855,77.67857142857143,,2021-02-01,0.0,0.0,0.0,2,0.8660254037844386,0.5000000000000001
2021,Northern,Mulativu,9.244288,80.789246,5,3,0,27.56428571428572,1.025,76.96428571428571,,2021-03-01,0.0,0.0,0.0,3,1.0,6.123233995736766e-17
2021,Northern,Mulativu,9.244288,80.789246,5,4,0,28.905357142857135,1.610714285714286,79.57142857142857,,2021-04-01,0.0,0.0,0.0,4,0.8660254037844387,-0.4999999999999998
2021,Northern,Mulativu,9.244288,80.789246,5,5,0,29.051785714285717,2.5749999999999997,78.85714285714286,,2021-05-01,0.0,0.0,0.0,5,0.49999999999999994,-0.8660254037844387
2021,Northern,Mulativu,9.244288,80.789246,5,6,0,30.153571428571425,1.7678571428571428,70.39285714285714,,2021-06-01,0.0,0.0,0.0,6,1.2246467991473532e-16,-1.0
2021,Northern,Mulativu,9.244288,80.789246,5,7,0,30.08750000000001,1.5535714285714288,70.25,,2021-07-01,0.0,0.0,0.0,7,-0.4999999999999997,-0.8660254037844388
2021,Northern,Mulativu,9.244288,80.789246,5,8,0,29.887500000000003,2.010714285714286,70.35714285714286,,2021-08-01,0.0,0.0,0.0,8,-0.8660254037844385,-0.5000000000000004
2021,Northern,Mulativu,9.244288,80.789246,5,9,0,29.769642857142856,3.9499999999999993,73.07142857142857,,2021-09-01,0.0,0.0,0.0,9,-1.0,-1.8369701987210297e-16
2021,Northern,Mulativu,9.244288,80.789246,5,10,1,27.95178571428572,5.007142857142858,81.21428571428571,,2021-10-01,0.0,0.0,0.0,10,-0.8660254037844386,0.5000000000000001
2021,Northern,Mulativu,9.244288,80.789246,5,11,0,26.485714285714288,14.746428571428575,86.5,,2021-11-01,0.0,1.0,-1.0,11,-0.5000000000000004,0.8660254037844384
2021,Northern,Mulativu,9.244288,80.789246,5,12,1,26.428571428571427,2.535714285714286,78.35714285714286,,2021-12-01,0.0,0.0,0.0,12,-2.4492935982947064e-16,1.0
2019,Central,Nuwara Eliya,6.9947276,80.73418,1865,1,26,14.74107142857143,2.717857142857143,86.57142857142857,,2019-01-01,0.0,,0.0,1,0.49999999999999994,0.8660254037844387
2019,Central,Nuwara Eliya,6.9947276,80.73418,1865,2,17,15.369642857142855,5.392857142857145,86.71428571428571,,2019-02-01,0.0,26.0,-0.34615384615384615,2,0.8660254037844386,0.5000000000000001
2019,Central,Nuwara Eliya,6.9947276,80.73418,1865,3,12,15.401785714285712,2.1607142857142856,75.75,,2019-03-01,0.0,17.0,-0.29411764705882354,3,1.0,6.123233995736766e-17
2019,Central,Nuwara Eliya,6.9947276,80.73418,1865,4,7,16.80535714285714,4.900000000000001,83.67857142857143,,2019-04-01,0.0,12.0,-0.4166666666666667,4,0.8660254037844387,-0.4999999999999998
2019,Central,Nuwara Eliya,6.9947276,80.73418,1865,5,19,16.682142857142857,2.6392857142857147,85.10714285714286,,2019-05-01,0.0,7.0,1.7142857142857142,5,0.49999999999999994,-0.8660254037844387
2019,Central,Nuwara Eliya,6.9947276,80.73418,1865,6,22,16.355357142857144,4.775,92.32142857142856,,2019-06-01,0.0,19.0,0.15789473684210525,6,1.2246467991473532e-16,-1.0
2019,Central,Nuwara Eliya,6.9947276,80.73418,1865,7,33,15.621428571428574,5.517857142857143,89.89285714285714,,2019-07-01,0.0,22.0,0.5,7,-0.4999999999999997,-0.8660254037844388
2019,Central,Nuwara Eliya,6.9947276,80.73418,1865,8,31,15.225,8.1,93.85714285714286,,2019-08-01,0.0,33.0,-0.06060606060606061,8,-0.8660254037844385,-0.5000000000000004
2019,Central,Nuwara Eliya,6.9947276,80.73418,1865,9,32,15.521428571428574,7.710714285714286,93.53571428571428,,2019-09-01,0.0,31.0,0.03225806451612903,9,-1.0,-1.8369701987210297e-16
2019,Central,Nuwara Eliya,6.9947276,80.73418,1865,10,52,15.367857142857144,15.439285714285711,92.21428571428572,,2019-10-01,0.0,32.0,0.625,10,-0.8660254037844386,0.5000000000000001
2019,Central,Nuwara Eliya,6.9947276,80.73418,1865,11,97,15.517857142857142,4.8,89.35714285714286,,2019-11-01,0.0,52.0,0.8653846153846154,11,-0.5000000000000004,0.8660254037844384
2019,Central,Nuwara Eliya,6.9947276,80.73418,1865,12,90,15.560714285714289,10.485714285714284,92.10714285714286,,2019-12-01,0.0,97.0,-0.07216494845360824,12,-2.4492935982947064e-16,1.0
2020,Central,Nuwara Eliya,6.9947276,80.73418,1865,1,77,15.4,1.1,84.17857142857143,,2020-01-01,0.0,90.0,-0.14444444444444443,1,0.49999999999999994,0.8660254037844387
2020,Central,Nuwara Eliya,6.9947276,80.73418,1865,2,28,15.735714285714284,2.0500000000000003,79.96428571428571,,2020-02-01,0.0,77.0,-0.6363636363636364,2,0.8660254037844386,0.5000000000000001
2020,Central,Nuwara Eliya,6.9947276,80.73418,1865,3,16,17.185714285714283,0.9535714285714286,67.57142857142857,,2020-03-01,0.0,28.0,-0.42857142857142855,3,1.0,6.123233995736766e-17
2020,Central,Nuwara Eliya,6.9947276,80.73418,1865,4,1,16.887500000000003,7.410714285714286,81.53571428571429,,2020-04-01,0.0,16.0,-0.9375,4,0.8660254037844387,-0.4999999999999998
2020,Central,Nuwara Eliya,6.9947276,80.73418,1865,5,2,16.932142857142857,9.12142857142857,92.28571428571428,,2020-05-01,0.0,1.0,1.0,5,0.49999999999999994,-0.8660254037844387
2020,Central,Nuwara Eliya,6.9947276,80.73418,1865,6,11,15.832142857142856,3.725,90.0,,2020-06-01,0.0,2.0,4.5,6,1.2246467991473532e-16,-1.0
2020,Central,Nuwara Eliya,6.9947276,80.73418,1865,7,14,15.583928571428572,6.014285714285715,91.57142857142856,,2020-07-01,0.0,11.0,0.2727272727272727,7,-0.4999999999999997,-0.8660254037844388
2020,Central,Nuwara Eliya,6.9947276,80.73418,1865,8,9,15.285714285714288,8.125000000000002,90.0,,2020-08-01,0.0,14.0,-0.35714285714285715,8,-0.8660254037844385,-0.5000000000000004
2020,Central,Nuwara Eliya,6.9947276,80.73418,1865,9,8,15.08035714285714,10.83571428571428,94.35714285714286,,2020-09-01,0.0,9.0,-0.1111111111111111,9,-1.0,-1.8369701987210297e-16
2020,Central,Nuwara Eliya,6.9947276,80.73418,1865,10,1,15.096428571428568,7.1,90.60714285714286,,2020-10-01,0.0,8.0,-0.875,10,-0.8660254037844386,0.5000000000000001
2020,Central,Nuwara Eliya,6.9947276,80.73418,1865,11,0,15.74821428571429,9.31785714285714,90.92857142857144,,2020-11-01,0.0,1.0,-1.0,11,-0.5000000000000004,0.8660254037844384
2020,Central,Nuwara Eliya,6.9947276,80.73418,1865,12,1,15.103571428571428,7.978571428571429,90.75,,2020-12-01,0.0,0.0,0.0,12,-2.4492935982947064e-16,1.0
2021,Central,Nuwara Eliya,6.9947276,80.73418,1865,1,7,15.173214285714284,9.839285714285715,89.78571428571429,,2021-01-01,0.0,1.0,6.0,1,0.49999999999999994,0.8660254037844387
2021,Central,Nuwara Eliya,6.9947276,80.73418,1865,2,3,15.305357142857142,1.7642857142857142,82.35714285714286,,2021-02-01,0.0,7.0,-0.5714285714285714,2,0.8660254037844386,0.5000000000000001
2021,Central,Nuwara Eliya,6.9947276,80.73418,1865,3,10,15.37857142857143,2.5964285714285715,80.25,,2021-03-01,0.0,3.0,2.3333333333333335,3,1.0,6.123233995736766e-17
2021,Central,Nuwara Eliya,6.9947276,80.73418,1865,4,8,16.080357142857142,8.239285714285714,80.53571428571429,,2021-04-01,0.0,10.0,-0.2,4,0.8660254037844387,-0.4999999999999998
2021,Central,Nuwara Eliya,6.9947276,80.73418,1865,5,4,16.28035714285714,20.01428571428572,93.17857142857144,,2021-05-01,0.0,8.0,-0.5,5,0.49999999999999994,-0.8660254037844387
2021,Central,Nuwara Eliya,6.9947276,80.73418,1865,6,6,15.482142857142856,7.6571428571428575,92.32142857142856,,2021-06-01,0.0,4.0,0.5,6,1.2246467991473532e-16,-1.0
2021,Central,Nuwara Eliya,6.9947276,80.73418,1865,7,5,15.492857142857144,10.985714285714293,94.32142857142856,,2021-07-01,0.0,6.0,-0.16666666666666666,7,-0.4999999999999997,-0.8660254037844388
2021,Central,Nuwara Eliya,6.9947276,80.73418,1865,8,8,15.216071428571428,5.821428571428572,93.82142857142856,,2021-08-01,0.0,5.0,0.6,8,-0.8660254037844385,-0.5000000000000004
2021,Central,Nuwara Eliya,6.9947276,80.73418,1865,9,9,15.453571428571426,6.846428571428572,93.85714285714286,,2021-09-01,0.0,8.0,0.125,9,-1.0,-1.8369701987210297e-16
2021,Central,Nuwara Eliya,6.9947276,80.73418,1865,10,10,15.455357142857146,8.075,92.89285714285714,,2021-10-01,0.0,9.0,0.1111111111111111,10,-0.8660254037844386,0.5000000000000001
2021,Central,Nuwara Eliya,6.9947276,80.73418,1865,11,14,15.05357142857143,12.403571428571428,92.53571428571428,,2021-11-01,0.0,10.0,0.4,11,-0.5000000000000004,0.8660254037844384
2021,Central,Nuwara Eliya,6.9947276,80.73418,1865,12,29,14.733928571428573,2.260714285714286,87.5,,2021-12-01,0.0,14.0,1.0714285714285714,12,-2.4492935982947064e-16,1.0
2019,North central,Polonnaruwa,7.908612,81.01536,56,1,39,25.24285714285714,1.7071428571428573,81.17857142857143,,2019-01-01,0.0,,0.0,1,0.49999999999999994,0.8660254037844387
2019,North central,Polonnaruwa,7.908612,81.01536,56,2,19,26.394642857142863,4.049999999999999,84.60714285714286,,2019-02-01,0.0,39.0,-0.5128205128205128,2,0.8660254037844386,0.5000000000000001
2019,North central,Polonnaruwa,7.908612,81.01536,56,3,25,28.40892857142857,0.4535714285714286,75.5,,2019-03-01,0.0,19.0,0.3157894736842105,3,1.0,6.123233995736766e-17
2019,North central,Polonnaruwa,7.908612,81.01536,56,4,21,29.673214285714288,2.314285714285714,75.14285714285714,,2019-04-01,0.0,25.0,-0.16,4,0.8660254037844387,-0.4999999999999998
2019,North central,Polonnaruwa,7.908612,81.01536,56,5,23,31.512500000000003,0.7035714285714286,62.92857142857143,,2019-05-01,0.0,21.0,0.09523809523809523,5,0.49999999999999994,-0.8660254037844387
2019,North central,Polonnaruwa,7.908612,81.01536,56,6,40,31.53214285714285,0.4035714285714286,61.82142857142857,,2019-06-01,0.0,23.0,0.7391304347826086,6,1.2246467991473532e-16,-1.0
2019,North central,Polonnaruwa,7.908612,81.01536,56,7,49,31.15714285714286,0.4214285714285714,60.35714285714285,,2019-07-01,0.0,40.0,0.225,7,-0.4999999999999997,-0.8660254037844388
2019,North central,Polonnaruwa,7.908612,81.01536,56,8,43,30.082142857142863,0.6107142857142858,64.67857142857143,,2019-08-01,0.0,49.0,-0.12244897959183673,8,-0.8660254037844385,-0.5000000000000004
2019,North central,Polonnaruwa,7.908612,81.01536,56,9,36,29.95892857142857,4.078571428571429,67.25,,2019-09-01,0.0,43.0,-0.16279069767441862,9,-1.0,-1.8369701987210297e-16
2019,North central,Polonnaruwa,7.908612,81.01536,56,10,51,26.94642857142857,9.632142857142856,85.46428571428571,,2019-10-01,0.0,36.0,0.4166666666666667,10,-0.8660254037844386,0.5000000000000001
2019,North central,Polonnaruwa,7.908612,81.01536,56,11,108,26.882142857142856,6.5892857142857135,86.17857142857143,,2019-11-01,0.0,51.0,1.1176470588235294,11,-0.5000000000000004,0.8660254037844384
2019,North central,Polonnaruwa,7.908612,81.01536,56,12,107,25.7875,12.242857142857146,89.10714285714286,,2019-12-01,0.0,108.0,-0.009259259259259259,12,-2.4492935982947064e-16,1.0
2020,North central,Polonnaruwa,7.908612,81.01536,56,1,81,26.048214285714288,2.117857142857143,82.75,,2020-01-01,0.0,107.0,-0.24299065420560748,1,0.49999999999999994,0.8660254037844387
2020,North central,Polonnaruwa,7.908612,81.01536,56,2,77,26.63571428571429,1.6678571428571427,78.53571428571429,,2020-02-01,0.0,81.0,-0.04938271604938271,2,0.8660254037844386,0.5000000000000001
2020,North central,Polonnaruwa,7.908612,81.01536,56,3,23,28.84821428571428,0.2464285714285714,72.14285714285714,,2020-03-01,0.0,77.0,-0.7012987012987013,3,1.0,6.123233995736766e-17
2020,North central,Polonnaruwa,7.908612,81.01536,56,4,2,29.71071428571429,2.375,75.07142857142857,,2020-04-01,0.0,23.0,-0.9130434782608695,4,0.8660254037844387,-0.4999999999999998
2020,North central,Polonnaruwa,7.908612,81.01536,56,5,7,29.917857142857144,3.642857142857143,75.03571428571429,,2020-05-01,0.0,2.0,2.5,5,0.49999999999999994,-0.8660254037844387
2020,North central,Polonnaruwa,7.908612,81.01536,56,6,20,30.85535714285714,0.9035714285714286,63.82142857142857,,2020-06-01,0.0,7.0,1.8571428571428572,6,1.2246467991473532e-16,-1.0
2020,North central,Polonnaruwa,7.908612,81.01536,56,7,10,29.86785714285714,3.1178571428571424,68.21428571428571,,2020-07-01,0.0,20.0,-0.5,7,-0.4999999999999997,-0.8660254037844388
2020,North central,Polonnaruwa,7.908612,81.01536,56,8,4,30.45535714285714,0.3892857142857143,62.25,,2020-08-01,0.0,10.0,-0.6,8,-0.8660254037844385,-0.5000000000000004
2020,North central,Polonnaruwa,7.908612,81.01536,56,9,7,29.35535714285714,1.5357142857142865,69.14285714285714,,2020-09-01,0.0,4.0,0.75,9,-1.0,-1.8369701987210297e-16
2020,North central,Polonnaruwa,7.908612,81.01536,56,10,12,30.139285714285712,1.3214285714285714,64.71428571428571,,2020-10-01,0.0,7.0,0.7142857142857143,10,-0.8660254037844386,0.5000000000000001
2020,North central,Polonnaruwa,7.908612,81.01536,56,11,3,27.105357142857144,7.32142857142857,85.03571428571429,,2020-11-01,0.0,12.0,-0.75,11,-0.5000000000000004,0.8660254037844384
2020,North central,Polonnaruwa,7.908612,81.01536,56,12,5,25.71785714285714,14.439285714285717,86.57142857142857,,2020-12-01,0.0,3.0,0.6666666666666666,12,-2.4492935982947064e-16,1.0
2021,North central,Polonnaruwa,7.908612,81.01536,56,1,4,25.52857142857143,11.410714285714286,87.14285714285714,,2021-01-01,0.0,5.0,-0.2,1,0.49999999999999994,0.8660254037844387
2021,North central,Polonnaruwa,7.908612,81.01536,56,2,6,25.860714285714284,2.2142857142857144,82.25,,2021-02-01,0.0,4.0,0.5,2,0.8660254037844386,0.5000000000000001
2021,North central,Polonnaruwa,7.908612,81.01536,56,3,0,27.27678571428572,2.907142857142857,80.32142857142857,,2021-03-01,0.0,6.0,-1.0,3,1.0,6.123233995736766e-17
2021,North central,Polonnaruwa,7.908612,81.01536,56,4,3,29.03214285714286,3.410714285714286,76.60714285714286,,2021-04-01,0.0,0.0,0.0,4,0.8660254037844387,-0.4999999999999998
2021,North central,Polonnaruwa,7.908612,81.01536,56,5,4,28.85178571428572,4.828571428571429,79.07142857142857,,2021-05-01,0.0,3.0,0.3333333333333333,5,0.49999999999999994,-0.8660254037844387
2021,North central,Polonnaruwa,7.908612,81.01536,56,6,12,29.79821428571428,0.6571428571428571,67.39285714285714,,2021-06-01,0.0,4.0,2.0,6,1.2246467991473532e-16,-1.0
2021,North central,Polonnaruwa,7.908612,81.01536,56,7,21,30.2125,1.5250000000000004,65.64285714285714,,2021-07-01,0.0,12.0,0.75,7,-0.4999999999999997,-0.8660254037844388
2021,North central,Polonnaruwa,7.908612,81.01536,56,8,9,29.99285714285714,1.292857142857143,64.96428571428571,,2021-08-01,0.0,21.0,-0.5714285714285714,8,-0.8660254037844385,-0.5000000000000004
2021,North central,Polonnaruwa,7.908612,81.01536,56,9,7,30.214285714285708,3.007142857142857,65.85714285714286,,2021-09-01,0.0,9.0,-0.2222222222222222,9,-1.0,-1.8369701987210297e-16
2021,North central,Polonnaruwa,7.908612,81.01536,56,10,13,28.45178571428572,5.664285714285713,75.5,,2021-10-01,0.0,7.0,0.8571428571428571,10,-0.8660254037844386,0.5000000000000001
2021,North central,Polonnaruwa,7.908612,81.01536,56,11,18,26.55178571428572,10.721428571428572,84.57142857142857,,2021-11-01,0.0,13.0,0.38461538461538464,11,-0.5000000000000004,0.8660254037844384
2021,North central,Polonnaruwa,7.908612,81.01536,56,12,27,26.169642857142858,3.425,83.17857142857143,,2021-12-01,0.0,18.0,0.5,12,-2.4492935982947064e-16,1.0
2019,North Western,Puttalam,8.04921,79.84615,4,1,79,25.701785714285712,0.2392857142857143,76.21428571428571,,2019-01-01,0.0,,0.0,1,0.49999999999999994,0.8660254037844387
2019,North Western,Puttalam,8.04921,79.84615,4,2,60,27.33392857142857,2.8321428571428577,78.78571428571429,,2019-02-01,0.0,79.0,-0.24050632911392406,2,0.8660254037844386,0.5000000000000001
2019,North Western,Puttalam,8.04921,79.84615,4,3,52,28.623214285714287,0.6214285714285713,74.57142857142857,,2019-03-01,0.0,60.0,-0.13333333333333333,3,1.0,6.123233995736766e-17
2019,North Western,Puttalam,8.04921,79.84615,4,4,29,28.601785714285707,4.128571428571429,80.14285714285714,,2019-04-01,0.0,52.0,-0.4423076923076923,4,0.8660254037844387,-0.4999999999999998
2019,North Western,Puttalam,8.04921,79.84615,4,5,33,28.93035714285714,1.3214285714285714,79.53571428571429,,2019-05-01,0.0,29.0,0.13793103448275862,5,0.49999999999999994,-0.8660254037844387
2019,North Western,Puttalam,8.04921,79.84615,4,6,92,28.6125,3.010714285714286,80.60714285714286,,2019-06-01,0.0,33.0,1.7878787878787878,6,1.2246467991473532e-16,-1.0
2019,North Western,Puttalam,8.04921,79.84615,4,7,137,28.332142857142863,1.6821428571428572,79.17857142857143,,2019-07-01,0.0,92.0,0.4891304347826087,7,-0.4999999999999997,-0.8660254037844388
2019,North Western,Puttalam,8.04921,79.84615,4,8,150,27.466071428571432,6.5321428571428575,83.17857142857143,,2019-08-01,0.0,137.0,0.0948905109489051,8,-0.8660254037844385,-0.5000000000000004
2019,North Western,Puttalam,8.04921,79.84615,4,9,159,27.12678571428572,4.942857142857143,85.03571428571429,,2019-09-01,0.0,150.0,0.06,9,-1.0,-1.8369701987210297e-16
2019,North Western,Puttalam,8.04921,79.84615,4,10,355,26.39821428571429,21.517857142857142,88.64285714285714,,2019-10-01,0.0,159.0,1.2327044025157232,10,-0.8660254037844386,0.5000000000000001
2019,North Western,Puttalam,8.04921,79.84615,4,11,624,26.964285714285715,4.639285714285713,86.92857142857143,,2019-11-01,0.0,355.0,0.7577464788732394,11,-0.5000000000000004,0.8660254037844384
2019,North Western,Puttalam,8.04921,79.84615,4,12,487,26.54642857142857,4.957142857142856,85.28571428571429,,2019-12-01,0.0,624.0,-0.21955128205128205,12,-2.4492935982947064e-16,1.0
2020,North Western,Puttalam,8.04921,79.84615,4,1,224,26.683928571428574,0.4714285714285714,77.5,,2020-01-01,0.0,487.0,-0.5400410677618069,1,0.49999999999999994,0.8660254037844387
2020,North Western,Puttalam,8.04921,79.84615,4,2,83,28.014285714285712,0.1785714285714285,69.14285714285714,,2020-02-01,0.0,224.0,-0.6294642857142857,2,0.8660254037844386,0.5000000000000001
2020,North Western,Puttalam,8.04921,79.84615,4,3,36,28.723214285714285,0.9964285714285712,73.35714285714286,,2020-03-01,0.0,83.0,-0.5662650602409639,3,1.0,6.123233995736766e-17
2020,North Western,Puttalam,8.04921,79.84615,4,4,5,28.65357142857143,4.3357142857142845,80.89285714285714,,2020-04-01,0.0,36.0,-0.8611111111111112,4,0.8660254037844387,-0.4999999999999998
2020,North Western,Puttalam,8.04921,79.84615,4,5,24,28.68392857142857,4.364285714285714,84.07142857142857,,2020-05-01,0.0,5.0,3.8,5,0.49999999999999994,-0.8660254037844387
2020,North Western,Puttalam,8.04921,79.84615,4,6,21,28.22142857142857,4.171428571428571,82.75,,2020-06-01,0.0,24.0,-0.125,6,1.2246467991473532e-16,-1.0
2020,North Western,Puttalam,8.04921,79.84615,4,7,24,27.85,2.392857142857143,83.35714285714286,,2020-07-01,0.0,21.0,0.14285714285714285,7,-0.4999999999999997,-0.8660254037844388
2020,North Western,Puttalam,8.04921,79.84615,4,8,35,27.525,2.6892857142857145,83.78571428571429,,2020-08-01,0.0,24.0,0.4583333333333333,8,-0.8660254037844385,-0.5000000000000004
2020,North Western,Puttalam,8.04921,79.84615,4,9,10,26.976785714285715,6.389285714285713,85.39285714285714,,2020-09-01,0.0,35.0,-0.7142857142857143,9,-1.0,-1.8369701987210297e-16
2020,North Western,Puttalam,8.04921,79.84615,4,10,13,27.41428571428571,2.060714285714286,82.75,,2020-10-01,0.0,10.0,0.3,10,-0.8660254037844386,0.5000000000000001
2020,North Western,Puttalam,8.04921,79.84615,4,11,11,26.94821428571429,8.27142857142857,86.71428571428571,,2020-11-01,0.0,13.0,-0.15384615384615385,11,-0.5000000000000004,0.8660254037844384
2020,North Western,Puttalam,8.04921,79.84615,4,12,14,25.81964285714286,12.096428571428572,85.60714285714286,,2020-12-01,0.0,11.0,0.2727272727272727,12,-2.4492935982947064e-16,1.0
2021,North Western,Puttalam,8.04921,79.84615,4,1,49,25.95,4.403571428571428,84.07142857142857,,2021-01-01,0.0,14.0,2.5,1,0.49999999999999994,0.8660254037844387
2021,North Western,Puttalam,8.04921,79.84615,4,2,37,26.25,0.4750000000000001,77.82142857142857,,2021-02-01,0.0,49.0,-0.24489795918367346,2,0.8660254037844386,0.5000000000000001
2021,North Western,Puttalam,8.04921,79.84615,4,3,58,27.923214285714284,2.914285714285714,77.67857142857143,,2021-03-01,0.0,37.0,0.5675675675675675,3,1.0,6.123233995736766e-17
2021,North Western,Puttalam,8.04921,79.84615,4,4,54,28.14285714285714,3.1535714285714294,81.57142857142857,,2021-04-01,0.0,58.0,-0.06896551724137931,4,0.8660254037844387,-0.4999999999999998
2021,North Western,Puttalam,8.04921,79.84615,4,5,28,27.62678571428571,9.721428571428572,86.0,,2021-05-01,0.0,54.0,-0.48148148148148145,5,0.49999999999999994,-0.8660254037844387
2021,North Western,Puttalam,8.04921,79.84615,4,6,34,27.70357142857143,3.532142857142858,83.25,,2021-06-01,0.0,28.0,0.21428571428571427,6,1.2246467991473532e-16,-1.0
2021,North Western,Puttalam,8.04921,79.84615,4,7,41,27.53928571428571,2.632142857142857,83.53571428571429,,2021-07-01,0.0,34.0,0.20588235294117646,7,-0.4999999999999997,-0.8660254037844388
2021,North Western,Puttalam,8.04921,79.84615,4,8,25,27.52321428571429,1.625,82.25,,2021-08-01,0.0,41.0,-0.3902439024390244,8,-0.8660254037844385,-0.5000000000000004
2021,North Western,Puttalam,8.04921,79.84615,4,9,17,27.575000000000006,3.132142857142857,82.39285714285714,,2021-09-01,0.0,25.0,-0.32,9,-1.0,-1.8369701987210297e-16
2021,North Western,Puttalam,8.04921,79.84615,4,10,35,26.726785714285715,9.164285714285713,85.71428571428571,,2021-10-01,0.0,17.0,1.0588235294117647,10,-0.8660254037844386,0.5000000000000001
2021,North Western,Puttalam,8.04921,79.84615,4,11,95,26.00714285714286,19.639285714285712,87.75,,2021-11-01,0.0,35.0,1.7142857142857142,11,-0.5000000000000004,0.8660254037844384
2021,North Western,Puttalam,8.04921,79.84615,4,12,280,26.353571428571435,2.4607142857142854,81.85714285714286,,2021-12-01,0.0,95.0,1.9473684210526316,12,-2.4492935982947064e-16,1.0
2019,Sabaragamuwa,Ratnapura,6.7135324,80.38688,73,1,177,26.03571428571429,2.4214285714285717,82.67857142857143,,2019-01-01,0.0,,0.0,1,0.49999999999999994,0.8660254037844387
2019,Sabaragamuwa,Ratnapura,6.7135324,80.38688,73,2,165,27.016071428571436,5.125000000000001,82.46428571428571,,2019-02-01,0.0,177.0,-0.06779661016949153,2,0.8660254037844386,0.5000000000000001
2019,Sabaragamuwa,Ratnapura,6.7135324,80.38688,73,3,210,28.1125,2.864285714285715,75.53571428571429,,2019-03-01,0.0,165.0,0.2727272727272727,3,1.0,6.123233995736766e-17
2019,Sabaragamuwa,Ratnapura,6.7135324,80.38688,73,4,176,28.519642857142856,8.075,78.78571428571429,,2019-04-01,0.0,210.0,-0.1619047619047619,4,0.8660254037844387,-0.4999999999999998
2019,Sabaragamuwa,Ratnapura,6.7135324,80.38688,73,5,235,27.37321428571429,7.3,87.07142857142857,,2019-05-01,0.0,176.0,0.3352272727272727,5,0.49999999999999994,-0.8660254037844387
2019,Sabaragamuwa,Ratnapura,6.7135324,80.38688,73,6,347,27.07678571428572,13.160714285714286,88.75,,2019-06-01,0.0,235.0,0.4765957446808511,6,1.2246467991473532e-16,-1.0
2019,Sabaragamuwa,Ratnapura,6.7135324,80.38688,73,7,354,26.66964285714286,10.553571428571429,87.14285714285714,,2019-07-01,0.0,347.0,0.020172910662824207,7,-0.4999999999999997,-0.8660254037844388
2019,Sabaragamuwa,Ratnapura,6.7135324,80.38688,73,8,439,26.096428571428568,20.432142857142857,90.0,,2019-08-01,0.0,354.0,0.2401129943502825,8,-0.8660254037844385,-0.5000000000000004
2019,Sabaragamuwa,Ratnapura,6.7135324,80.38688,73,9,415,26.16428571428572,14.35,89.64285714285714,,2019-09-01,0.0,439.0,-0.05466970387243736,9,-1.0,-1.8369701987210297e-16
2019,Sabaragamuwa,Ratnapura,6.7135324,80.38688,73,10,425,25.85,25.18214285714285,89.35714285714286,,2019-10-01,0.0,415.0,0.024096385542168676,10,-0.8660254037844386,0.5000000000000001
2019,Sabaragamuwa,Ratnapura,6.7135324,80.38688,73,11,687,26.200000000000003,8.878571428571428,88.96428571428571,,2019-11-01,0.0,425.0,0.6164705882352941,11,-0.5000000000000004,0.8660254037844384
2019,Sabaragamuwa,Ratnapura,6.7135324,80.38688,73,12,456,25.89464285714286,6.9642857142857135,89.03571428571429,,2019-12-01,0.0,687.0,-0.33624454148471616,12,-2.4492935982947064e-16,1.0
2020,Sabaragamuwa,Ratnapura,6.7135324,80.38688,73,1,296,26.46428571428571,1.3571428571428574,83.28571428571429,,2020-01-01,0.0,456.0,-0.3508771929824561,1,0.49999999999999994,0.8660254037844387
2020,Sabaragamuwa,Ratnapura,6.7135324,80.38688,73,2,206,27.8375,2.3750000000000004,77.39285714285714,,2020-02-01,0.0,296.0,-0.30405405405405406,2,0.8660254037844386,0.5000000000000001
2020,Sabaragamuwa,Ratnapura,6.7135324,80.38688,73,3,69,28.63392857142857,1.4678571428571427,75.21428571428571,,2020-03-01,0.0,206.0,-0.6650485436893204,3,1.0,6.123233995736766e-17
2020,Sabaragamuwa,Ratnapura,6.7135324,80.38688,73,4,47,27.99107142857143,9.467857142857143,83.14285714285714,,2020-04-01,0.0,69.0,-0.3188405797101449,4,0.8660254037844387,-0.4999999999999998
2020,Sabaragamuwa,Ratnapura,6.7135324,80.38688,73,5,223,27.325000000000003,13.242857142857144,89.14285714285714,,2020-05-01,0.0,47.0,3.74468085106383,5,0.49999999999999994,-0.8660254037844387
2020,Sabaragamuwa,Ratnapura,6.7135324,80.38688,73,6,398,26.98214285714286,11.675,87.21428571428571,,2020-06-01,0.0,223.0,0.7847533632286996,6,1.2246467991473532e-16,-1.0
2020,Sabaragamuwa,Ratnapura,6.7135324,80.38688,73,7,381,26.55,12.003571428571425,87.53571428571429,,2020-07-01,0.0,398.0,-0.04271356783919598,7,-0.4999999999999997,-0.8660254037844388
2020,Sabaragamuwa,Ratnapura,6.7135324,80.38688,73,8,174,26.528571428571432,10.585714285714284,86.39285714285714,,2020-08-01,0.0,381.0,-0.5433070866141733,8,-0.8660254037844385,-0.5000000000000004
2020,Sabaragamuwa,Ratnapura,6.7135324,80.38688,73,9,90,25.97321428571429,17.54642857142857,90.28571428571428,,2020-09-01,0.0,174.0,-0.4827586206896552,9,-1.0,-1.8369701987210297e-16
2020,Sabaragamuwa,Ratnapura,6.7135324,80.38688,73,10,65,26.182142857142857,7.749999999999999,87.64285714285714,,2020-10-01,0.0,90.0,-0.2777777777777778,10,-0.8660254037844386,0.5000000000000001
2020,Sabaragamuwa,Ratnapura,6.7135324,80.38688,73,11,47,26.31607142857143,14.275,87.64285714285714,,2020-11-01,0.0,65.0,-0.27692307692307694,11,-0.5000000000000004,0.8660254037844384
2020,Sabaragamuwa,Ratnapura,6.7135324,80.38688,73,12,18,25.751785714285703,5.921428571428571,86.57142857142857,,2020-12-01,0.0,47.0,-0.6170212765957447,12,-2.4492935982947064e-16,1.0
2021,Sabaragamuwa,Ratnapura,6.7135324,80.38688,73,1,36,25.64821428571429,7.635714285714285,87.89285714285714,,2021-01-01,0.0,18.0,1.0,1,0.49999999999999994,0.8660254037844387
2021,Sabaragamuwa,Ratnapura,6.7135324,80.38688,73,2,64,26.380357142857147,2.210714285714286,84.25,,2021-02-01,0.0,36.0,0.7777777777777778,2,0.8660254037844386,0.5000000000000001
2021,Sabaragamuwa,Ratnapura,6.7135324,80.38688,73,3,100,26.425,9.271428571428572,84.5,,2021-03-01,0.0,64.0,0.5625,3,1.0,6.123233995736766e-17
2021,Sabaragamuwa,Ratnapura,6.7135324,80.38688,73,4,77,26.97678571428572,5.803571428571429,86.03571428571429,,2021-04-01,0.0,100.0,-0.23,4,0.8660254037844387,-0.4999999999999998
2021,Sabaragamuwa,Ratnapura,6.7135324,80.38688,73,5,40,27.08035714285714,20.221428571428568,88.03571428571429,,2021-05-01,0.0,77.0,-0.4805194805194805,5,0.49999999999999994,-0.8660254037844387
2021,Sabaragamuwa,Ratnapura,6.7135324,80.38688,73,6,65,26.416071428571424,12.467857142857143,88.39285714285714,,2021-06-01,0.0,40.0,0.625,6,1.2246467991473532e-16,-1.0
2021,Sabaragamuwa,Ratnapura,6.7135324,80.38688,73,7,93,26.54642857142857,14.21785714285714,88.39285714285714,,2021-07-01,0.0,65.0,0.4307692307692308,7,-0.4999999999999997,-0.8660254037844388
2021,Sabaragamuwa,Ratnapura,6.7135324,80.38688,73,8,57,26.08749999999999,16.150000000000002,88.85714285714286,,2021-08-01,0.0,93.0,-0.3870967741935484,8,-0.8660254037844385,-0.5000000000000004
2021,Sabaragamuwa,Ratnapura,6.7135324,80.38688,73,9,44,26.417857142857144,14.382142857142858,89.28571428571429,,2021-09-01,0.0,57.0,-0.22807017543859648,9,-1.0,-1.8369701987210297e-16
2021,Sabaragamuwa,Ratnapura,6.7135324,80.38688,73,10,91,26.125,13.421428571428574,88.42857142857143,,2021-10-01,0.0,44.0,1.0681818181818181,10,-0.8660254037844386,0.5000000000000001
2021,Sabaragamuwa,Ratnapura,6.7135324,80.38688,73,11,87,25.403571428571432,17.985714285714288,89.75,,2021-11-01,0.0,91.0,-0.04395604395604396,11,-0.5000000000000004,0.8660254037844384
2021,Sabaragamuwa,Ratnapura,6.7135324,80.38688,73,12,176,25.637500000000003,5.832142857142855,86.5,,2021-12-01,0.0,87.0,1.0229885057471264,12,-2.4492935982947064e-16,1.0
2019,Eastern,Trincomalee,8.611599,81.170395,8,1,157,25.69821428571429,0.9392857142857144,75.0,,2019-01-01,0.0,,0.0,1,0.49999999999999994,0.8660254037844387
2019,Eastern,Trincomalee,8.611599,81.170395,8,2,106,26.60178571428572,2.0107142857142857,80.10714285714286,,2019-02-01,0.0,157.0,-0.3248407643312102,2,0.8660254037844386,0.5000000000000001
2019,Eastern,Trincomalee,8.611599,81.170395,8,3,164,28.00178571428571,0.2535714285714286,73.92857142857143,,2019-03-01,0.0,106.0,0.5471698113207547,3,1.0,6.123233995736766e-17
2019,Eastern,Trincomalee,8.611599,81.170395,8,4,148,29.20535714285713,0.7249999999999999,73.85714285714286,,2019-04-01,0.0,164.0,-0.0975609756097561,4,0.8660254037844387,-0.4999999999999998
2019,Eastern,Trincomalee,8.611599,81.170395,8,5,108,31.54464285714285,0.7535714285714287,66.21428571428571,,2019-05-01,0.0,148.0,-0.2702702702702703,5,0.49999999999999994,-0.8660254037844387
2019,Eastern,Trincomalee,8.611599,81.170395,8,6,97,31.455357142857142,0.5464285714285714,63.85714285714285,,2019-06-01,0.0,108.0,-0.10185185185185185,6,1.2246467991473532e-16,-1.0
2019,Eastern,Trincomalee,8.611599,81.170395,8,7,105,30.694642857142853,1.332142857142857,65.5,,2019-07-01,0.0,97.0,0.08247422680412371,7,-0.4999999999999997,-0.8660254037844388
2019,Eastern,Trincomalee,8.611599,81.170395,8,8,52,29.685714285714283,2.185714285714286,69.82142857142857,,2019-08-01,0.0,105.0,-0.5047619047619047,8,-0.8660254037844385,-0.5000000000000004
2019,Eastern,Trincomalee,8.611599,81.170395,8,9,45,29.217857142857145,5.203571428571429,74.60714285714286,,2019-09-01,0.0,52.0,-0.1346153846153846,9,-1.0,-1.8369701987210297e-16
2019,Eastern,Trincomalee,8.611599,81.170395,8,10,85,26.557142857142857,7.321428571428571,85.78571428571429,,2019-10-01,0.0,45.0,0.8888888888888888,10,-0.8660254037844386,0.5000000000000001
2019,Eastern,Trincomalee,8.611599,81.170395,8,11,536,26.769642857142856,4.667857142857143,84.57142857142857,,2019-11-01,0.0,85.0,5.305882352941176,11,-0.5000000000000004,0.8660254037844384
2019,Eastern,Trincomalee,8.611599,81.170395,8,12,1366,26.02500000000001,9.792857142857144,84.75,,2019-12-01,0.0,536.0,1.5485074626865671,12,-2.4492935982947064e-16,1.0
2020,Eastern,Trincomalee,8.611599,81.170395,8,1,1455,26.39642857142857,1.9214285714285717,77.14285714285714,,2020-01-01,0.0,1366.0,0.06515373352855051,1,0.49999999999999994,0.8660254037844387
2020,Eastern,Trincomalee,8.611599,81.170395,8,2,569,27.00178571428572,1.1,71.75,,2020-02-01,0.0,1455.0,-0.60893470790378,2,0.8660254037844386,0.5000000000000001
2020,Eastern,Trincomalee,8.611599,81.170395,8,3,143,27.77500000000001,0.35,72.5,,2020-03-01,0.0,569.0,-0.7486818980667839,3,1.0,6.123233995736766e-17
2020,Eastern,Trincomalee,8.611599,81.170395,8,4,40,29.276785714285715,0.7071428571428571,74.0,,2020-04-01,0.0,143.0,-0.7202797202797203,4,0.8660254037844387,-0.4999999999999998
2020,Eastern,Trincomalee,8.611599,81.170395,8,5,33,29.77321428571428,2.664285714285714,76.28571428571429,,2020-05-01,0.0,40.0,-0.175,5,0.49999999999999994,-0.8660254037844387
2020,Eastern,Trincomalee,8.611599,81.170395,8,6,13,30.442857142857143,1.767857142857143,68.35714285714286,,2020-06-01,0.0,33.0,-0.6060606060606061,6,1.2246467991473532e-16,-1.0
2020,Eastern,Trincomalee,8.611599,81.170395,8,7,17,29.65,2.2892857142857137,72.25,,2020-07-01,0.0,13.0,0.3076923076923077,7,-0.4999999999999997,-0.8660254037844388
2020,Eastern,Trincomalee,8.611599,81.170395,8,8,5,30.17142857142857,0.6357142857142858,67.32142857142857,,2020-08-01,0.0,17.0,-0.7058823529411765,8,-0.8660254037844385,-0.5000000000000004
2020,Eastern,Trincomalee,8.611599,81.170395,8,9,3,29.137500000000003,3.4178571428571423,73.5,,2020-09-01,0.0,5.0,-0.4,9,-1.0,-1.8369701987210297e-16
2020,Eastern,Trincomalee,8.611599,81.170395,8,10,5,29.71964285714286,2.696428571428572,68.85714285714286,,2020-10-01,0.0,3.0,0.6666666666666666,10,-0.8660254037844386,0.5000000000000001
2020,Eastern,Trincomalee,8.611599,81.170395,8,11,5,26.569642857142856,9.175,85.5,,2020-11-01,0.0,5.0,0.0,11,-0.5000000000000004,0.8660254037844384
2020,Eastern,Trincomalee,8.611599,81.170395,8,12,8,25.603571428571428,17.650000000000002,85.17857142857143,,2020-12-01,0.0,5.0,0.6,12,-2.4492935982947064e-16,1.0
2021,Eastern,Trincomalee,8.611599,81.170395,8,1,11,25.682142857142857,16.942857142857143,83.35714285714286,,2021-01-01,0.0,8.0,0.375,1,0.49999999999999994,0.8660254037844387
2021,Eastern,Trincomalee,8.611599,81.170395,8,2,39,25.83035714285714,1.6857142857142853,78.28571428571429,,2021-02-01,0.0,11.0,2.5454545454545454,2,0.8660254037844386,0.5000000000000001
2021,Eastern,Trincomalee,8.611599,81.170395,8,3,35,27.43392857142857,1.1035714285714284,75.67857142857143,,2021-03-01,0.0,39.0,-0.10256410256410256,3,1.0,6.123233995736766e-17
2021,Eastern,Trincomalee,8.611599,81.170395,8,4,20,28.88214285714286,2.153571428571428,77.03571428571429,,2021-04-01,0.0,35.0,-0.42857142857142855,4,0.8660254037844387,-0.4999999999999998
2021,Eastern,Trincomalee,8.611599,81.170395,8,5,10,28.88214285714286,2.007142857142857,77.53571428571429,,2021-05-01,0.0,20.0,-0.5,5,0.49999999999999994,-0.8660254037844387
2021,Eastern,Trincomalee,8.611599,81.170395,8,6,12,29.980357142857144,2.2857142857142856,68.64285714285714,,2021-06-01,0.0,10.0,0.2,6,1.2246467991473532e-16,-1.0
2021,Eastern,Trincomalee,8.611599,81.170395,8,7,2,29.73214285714285,2.667857142857143,69.75,,2021-07-01,0.0,12.0,-0.8333333333333334,7,-0.4999999999999997,-0.8660254037844388
2021,Eastern,Trincomalee,8.611599,81.170395,8,8,4,29.748214285714287,2.242857142857143,69.78571428571429,,2021-08-01,0.0,2.0,1.0,8,-0.8660254037844385,-0.5000000000000004
2021,Eastern,Trincomalee,8.611599,81.170395,8,9,10,29.669642857142865,2.875,71.89285714285714,,2021-09-01,0.0,4.0,1.5,9,-1.0,-1.8369701987210297e-16
2021,Eastern,Trincomalee,8.611599,81.170395,8,10,10,27.91428571428572,5.871428571428571,79.60714285714286,,2021-10-01,0.0,10.0,0.0,10,-0.8660254037844386,0.5000000000000001
2021,Eastern,Trincomalee,8.611599,81.170395,8,11,51,26.380357142857143,13.685714285714283,85.85714285714286,,2021-11-01,0.0,10.0,4.1,11,-0.5000000000000004,0.8660254037844384
2021,Eastern,Trincomalee,8.611599,81.170395,8,12,97,26.371428571428563,2.775,78.17857142857143,,2021-12-01,0.0,51.0,0.9019607843137255,12,-2.4492935982947064e-16,1.0
2019,Northern,Vavuniya,8.752197,80.53448,104,1,41,24.798214285714288,0.4071428571428571,78.42857142857143,,2019-01-01,0.0,,0.0,1,0.49999999999999994,0.8660254037844387
2019,Northern,Vavuniya,8.752197,80.53448,104,2,44,26.55535714285714,1.785714285714286,80.5,,2019-02-01,0.0,41.0,0.07317073170731707,2,0.8660254037844386,0.5000000000000001
2019,Northern,Vavuniya,8.752197,80.53448,104,3,57,29.019642857142856,0.1821428571428571,70.42857142857143,,2019-03-01,0.0,44.0,0.29545454545454547,3,1.0,6.123233995736766e-17
2019,Northern,Vavuniya,8.752197,80.53448,104,4,16,30.023214285714285,2.660714285714285,71.57142857142857,,2019-04-01,0.0,57.0,-0.7192982456140351,4,0.8660254037844387,-0.4999999999999998
2019,Northern,Vavuniya,8.752197,80.53448,104,5,15,30.539285714285715,0.6749999999999998,70.60714285714286,,2019-05-01,0.0,16.0,-0.0625,5,0.49999999999999994,-0.8660254037844387
2019,Northern,Vavuniya,8.752197,80.53448,104,6,11,30.632142857142853,0.4357142857142856,68.42857142857143,,2019-06-01,0.0,15.0,-0.26666666666666666,6,1.2246467991473532e-16,-1.0
2019,Northern,Vavuniya,8.752197,80.53448,104,7,17,30.10714285714286,0.7107142857142856,68.42857142857143,,2019-07-01,0.0,11.0,0.5454545454545454,7,-0.4999999999999997,-0.8660254037844388
2019,Northern,Vavuniya,8.752197,80.53448,104,8,15,28.90357142857143,2.503571428571429,74.25,,2019-08-01,0.0,17.0,-0.11764705882352941,8,-0.8660254037844385,-0.5000000000000004
2019,Northern,Vavuniya,8.752197,80.53448,104,9,28,28.667857142857144,2.517857142857143,75.10714285714286,,2019-09-01,0.0,15.0,0.8666666666666667,9,-1.0,-1.8369701987210297e-16
2019,Northern,Vavuniya,8.752197,80.53448,104,10,60,26.575000000000003,11.078571428571433,87.32142857142857,,2019-10-01,0.0,28.0,1.1428571428571428,10,-0.8660254037844386,0.5000000000000001
2019,Northern,Vavuniya,8.752197,80.53448,104,11,262,26.57321428571429,3.4250000000000003,86.32142857142857,,2019-11-01,0.0,60.0,3.3666666666666667,11,-0.5000000000000004,0.8660254037844384
2019,Northern,Vavuniya,8.752197,80.53448,104,12,306,25.50178571428572,6.582142857142857,87.78571428571429,,2019-12-01,0.0,262.0,0.16793893129770993,12,-2.4492935982947064e-16,1.0
2020,Northern,Vavuniya,8.752197,80.53448,104,1,139,25.619642857142857,0.982142857142857,80.82142857142857,,2020-01-01,0.0,306.0,-0.545751633986928,1,0.49999999999999994,0.8660254037844387
2020,Northern,Vavuniya,8.752197,80.53448,104,2,72,26.45535714285714,0.5178571428571429,74.82142857142857,,2020-02-01,0.0,139.0,-0.48201438848920863,2,0.8660254037844386,0.5000000000000001
2020,Northern,Vavuniya,8.752197,80.53448,104,3,15,28.183928571428574,0.1357142857142857,72.78571428571429,,2020-03-01,0.0,72.0,-0.7916666666666666,3,1.0,6.123233995736766e-17
2020,Northern,Vavuniya,8.752197,80.53448,104,4,5,29.546428571428574,2.5642857142857145,74.96428571428571,,2020-04-01,0.0,15.0,-0.6666666666666666,4,0.8660254037844387,-0.4999999999999998
2020,Northern,Vavuniya,8.752197,80.53448,104,5,4,29.317857142857143,4.178571428571428,80.17857142857143,,2020-05-01,0.0,5.0,-0.2,5,0.49999999999999994,-0.8660254037844387
2020,Northern,Vavuniya,8.752197,80.53448,104,6,4,29.68035714285714,1.967857142857143,73.14285714285714,,2020-06-01,0.0,4.0,0.0,6,1.2246467991473532e-16,-1.0
2020,Northern,Vavuniya,8.752197,80.53448,104,7,7,28.978571428571435,3.857142857142857,76.03571428571429,,2020-07-01,0.0,4.0,0.75,7,-0.4999999999999997,-0.8660254037844388
2020,Northern,Vavuniya,8.752197,80.53448,104,8,2,29.20178571428572,0.7999999999999999,71.96428571428571,,2020-08-01,0.0,7.0,-0.7142857142857143,8,-0.8660254037844385,-0.5000000000000004
2020,Northern,Vavuniya,8.752197,80.53448,104,9,1,28.33571428571428,3.342857142857143,76.28571428571429,,2020-09-01,0.0,2.0,-0.5,9,-1.0,-1.8369701987210297e-16
2020,Northern,Vavuniya,8.752197,80.53448,104,10,0,29.305357142857144,2.978571428571429,71.0,,2020-10-01,0.0,1.0,-1.0,10,-0.8660254037844386,0.5000000000000001
2020,Northern,Vavuniya,8.752197,80.53448,104,11,2,26.53214285714286,7.9071428571428575,86.5,,2020-11-01,0.0,0.0,0.0,11,-0.5000000000000004,0.8660254037844384
2020,Northern,Vavuniya,8.752197,80.53448,104,12,1,24.892857142857142,16.16071428571429,88.10714285714286,,2020-12-01,0.0,2.0,-0.5,12,-2.4492935982947064e-16,1.0
2021,Northern,Vavuniya,8.752197,80.53448,104,1,3,25.15714285714286,12.075,86.64285714285714,,2021-01-01,0.0,1.0,2.0,1,0.49999999999999994,0.8660254037844387
2021,Northern,Vavuniya,8.752197,80.53448,104,2,11,25.3625,1.2857142857142858,80.75,,2021-02-01,0.0,3.0,2.6666666666666665,2,0.8660254037844386,0.5000000000000001
2021,Northern,Vavuniya,8.752197,80.53448,104,3,9,27.15,1.467857142857143,78.85714285714286,,2021-03-01,0.0,11.0,-0.18181818181818182,3,1.0,6.123233995736766e-17
2021,Northern,Vavuniya,8.752197,80.53448,104,4,2,28.58571428571429,5.203571428571428,78.60714285714286,,2021-04-01,0.0,9.0,-0.7777777777777778,4,0.8660254037844387,-0.4999999999999998
2021,Northern,Vavuniya,8.752197,80.53448,104,5,2,27.96428571428571,4.360714285714286,83.5,,2021-05-01,0.0,2.0,0.0,5,0.49999999999999994,-0.8660254037844387
2021,Northern,Vavuniya,8.752197,80.53448,104,6,1,29.11428571428572,2.210714285714286,73.67857142857143,,2021-06-01,0.0,2.0,-0.5,6,1.2246467991473532e-16,-1.0
2021,Northern,Vavuniya,8.752197,80.53448,104,7,4,29.194642857142853,2.321428571428572,73.71428571428571,,2021-07-01,0.0,1.0,3.0,7,-0.4999999999999997,-0.8660254037844388
2021,Northern,Vavuniya,8.752197,80.53448,104,8,2,29.23392857142857,2.1321428571428576,71.60714285714286,,2021-08-01,0.0,4.0,-0.5,8,-0.8660254037844385,-0.5000000000000004
2021,Northern,Vavuniya,8.752197,80.53448,104,9,0,29.23214285714286,4.021428571428571,73.35714285714286,,2021-09-01,0.0,2.0,-1.0,9,-1.0,-1.8369701987210297e-16
2021,Northern,Vavuniya,8.752197,80.53448,104,10,3,27.296428571428567,6.442857142857144,82.60714285714286,,2021-10-01,0.0,0.0,0.0,10,-0.8660254037844386,0.5000000000000001
2021,Northern,Vavuniya,8.752197,80.53448,104,11,7,25.79821428571429,12.725,88.53571428571429,,2021-11-01,0.0,3.0,1.3333333333333333,11,-0.5000000000000004,0.8660254037844384
2021,Northern,Vavuniya,8.752197,80.53448,104,12,10,25.642857142857142,1.989285714285714,82.17857142857143,,2021-12-01,0.0,7.0,0.42857142857142855,12,-2.4492935982947064e-16,1.0
